step,edge_id,vehicle_count,avg_speed_kmh,waiting_time,occupancy
0,dandia_e,0,39.996,0.0,0.0
0,dandia_w,0,39.996,0.0,0.0
0,gotri_n,0,50.004,0.0,0.0
0,gotri_s,0,50.004,0.0,0.0
0,jetalpur_e,0,50.004,0.0,0.0
0,jetalpur_w,0,50.004,0.0,0.0
0,manjalpur_n,0,39.996,0.0,0.0
0,manjalpur_s,0,39.996,0.0,0.0
0,natubhai_loop,0,29.988,0.0,0.0
0,newsama_e,0,50.004,0.0,0.0
0,newsama_w,0,50.004,0.0,0.0
0,oldpadra_n,0,50.004,0.0,0.0
0,oldpadra_s,0,50.004,0.0,0.0
0,racecourse_n,0,50.004,0.0,0.0
0,racecourse_s,0,50.004,0.0,0.0
0,raopura_e,0,39.996,0.0,0.0
0,raopura_w,0,39.996,0.0,0.0
0,rcdutt_e,0,50.004,0.0,0.0
0,rcdutt_w,0,50.004,0.0,0.0
10,dandia_e,0,39.996,0.0,0.0
10,dandia_w,0,39.996,0.0,0.0
10,gotri_n,0,50.004,0.0,0.0
10,gotri_s,2,43.931,0.0,0.01
10,jetalpur_e,0,50.004,0.0,0.0
10,jetalpur_w,0,50.004,0.0,0.0
10,manjalpur_n,0,39.996,0.0,0.0
10,manjalpur_s,0,39.996,0.0,0.0
10,natubhai_loop,0,29.988,0.0,0.0
10,newsama_e,0,50.004,0.0,0.0
10,newsama_w,1,48.284,0.0,0.013
10,oldpadra_n,1,47.999,0.0,0.009
10,oldpadra_s,0,50.004,0.0,0.0
10,racecourse_n,0,50.004,0.0,0.0
10,racecourse_s,1,49.662,0.0,0.009
10,raopura_e,0,39.996,0.0,0.0
10,raopura_w,0,39.996,0.0,0.0
10,rcdutt_e,0,50.004,0.0,0.0
10,rcdutt_w,0,50.004,0.0,0.0
20,dandia_e,0,39.996,0.0,0.0
20,dandia_w,0,39.996,0.0,0.0
20,gotri_n,0,50.004,0.0,0.0
20,gotri_s,2,44.983,0.0,0.01
20,jetalpur_e,0,50.004,0.0,0.0
20,jetalpur_w,0,50.004,0.0,0.0
20,manjalpur_n,0,39.996,0.0,0.0
20,manjalpur_s,0,39.996,0.0,0.0
20,natubhai_loop,0,29.988,0.0,0.0
20,newsama_e,0,50.004,0.0,0.0
20,newsama_w,1,46.386,0.0,0.013
20,oldpadra_n,1,47.586,0.0,0.009
20,oldpadra_s,0,50.004,0.0,0.0
20,racecourse_n,0,50.004,0.0,0.0
20,racecourse_s,1,48.048,0.0,0.009
20,raopura_e,0,39.996,0.0,0.0
20,raopura_w,0,39.996,0.0,0.0
20,rcdutt_e,0,50.004,0.0,0.0
20,rcdutt_w,0,50.004,0.0,0.0
30,dandia_e,0,39.996,0.0,0.0
30,dandia_w,0,39.996,0.0,0.0
30,gotri_n,1,46.355,0.0,0.005
30,gotri_s,2,45.116,0.0,0.01
30,jetalpur_e,1,48.199,0.0,0.013
30,jetalpur_w,0,50.004,0.0,0.0
30,manjalpur_n,1,38.595,0.0,0.014
30,manjalpur_s,0,39.996,0.0,0.0
30,natubhai_loop,0,29.988,0.0,0.0
30,newsama_e,0,50.004,0.0,0.0
30,newsama_w,0,50.004,0.0,0.0
30,oldpadra_n,0,50.004,0.0,0.0
30,oldpadra_s,0,50.004,0.0,0.0
30,racecourse_n,0,50.004,0.0,0.0
30,racecourse_s,2,22.76,3.0,0.018
30,raopura_e,0,39.996,0.0,0.0
30,raopura_w,0,39.996,0.0,0.0
30,rcdutt_e,1,47.752,0.0,0.009
30,rcdutt_w,0,50.004,0.0,0.0
40,dandia_e,0,39.996,0.0,0.0
40,dandia_w,0,39.996,0.0,0.0
40,gotri_n,2,44.989,0.0,0.01
40,gotri_s,1,46.891,0.0,0.005
40,jetalpur_e,0,50.004,0.0,0.0
40,jetalpur_w,0,50.004,0.0,0.0
40,manjalpur_n,0,39.996,0.0,0.0
40,manjalpur_s,0,39.996,0.0,0.0
40,natubhai_loop,0,29.988,0.0,0.0
40,newsama_e,1,41.633,0.0,0.013
40,newsama_w,0,50.004,0.0,0.0
40,oldpadra_n,1,46.932,0.0,0.009
40,oldpadra_s,0,50.004,0.0,0.0
40,racecourse_n,0,50.004,0.0,0.0
40,racecourse_s,1,25.005,3.0,0.009
40,raopura_e,2,35.337,0.0,0.053
40,raopura_w,0,39.996,0.0,0.0
40,rcdutt_e,0,50.004,0.0,0.004
40,rcdutt_w,0,50.004,0.0,0.0
50,dandia_e,2,37.242,0.0,0.052
50,dandia_w,0,39.996,0.0,0.0
50,gotri_n,2,47.321,0.0,0.01
50,gotri_s,0,50.004,0.0,0.0
50,jetalpur_e,1,47.875,0.0,0.013
50,jetalpur_w,1,45.869,0.0,0.013
50,manjalpur_n,1,37.497,0.0,0.014
50,manjalpur_s,0,39.996,0.0,0.0
50,natubhai_loop,0,29.988,0.0,0.0
50,newsama_e,1,49.868,0.0,0.013
50,newsama_w,0,50.004,0.0,0.0
50,oldpadra_n,0,50.004,0.0,0.0
50,oldpadra_s,0,50.004,0.0,0.0
50,racecourse_n,0,50.004,0.0,0.0
50,racecourse_s,1,50.004,0.0,0.009
50,raopura_e,0,39.996,0.0,0.0
50,raopura_w,1,22.576,0.0,0.027
50,rcdutt_e,0,50.004,0.0,0.0
50,rcdutt_w,0,50.004,0.0,0.0
60,dandia_e,2,25.442,0.0,0.052
60,dandia_w,0,39.996,0.0,0.0
60,gotri_n,1,48.709,0.0,0.005
60,gotri_s,0,50.004,0.0,0.0
60,jetalpur_e,1,25.002,5.0,0.013
60,jetalpur_w,1,27.465,0.0,0.013
60,manjalpur_n,1,37.245,0.0,0.014
60,manjalpur_s,0,39.996,0.0,0.0
60,natubhai_loop,0,29.988,0.0,0.0
60,newsama_e,0,50.004,0.0,0.0
60,newsama_w,0,50.004,0.0,0.0
60,oldpadra_n,0,50.004,0.0,0.0
60,oldpadra_s,0,50.004,0.0,0.0
60,racecourse_n,1,44.527,0.0,0.009
60,racecourse_s,1,49.217,0.0,0.009
60,raopura_e,0,39.996,0.0,0.0
60,raopura_w,1,19.998,8.0,0.027
60,rcdutt_e,0,50.004,0.0,0.0
60,rcdutt_w,0,50.004,0.0,0.0
70,dandia_e,2,0.061,11.0,0.052
70,dandia_w,0,39.996,0.0,0.0
70,gotri_n,0,50.004,0.0,0.0
70,gotri_s,1,44.172,0.0,0.005
70,jetalpur_e,1,25.002,15.0,0.013
70,jetalpur_w,1,25.002,10.0,0.013
70,manjalpur_n,1,20.176,1.0,0.014
70,manjalpur_s,0,39.996,0.0,0.0
70,natubhai_loop,0,29.988,0.0,0.0
70,newsama_e,0,50.004,0.0,0.0
70,newsama_w,0,50.004,0.0,0.0
70,oldpadra_n,0,50.004,0.0,0.0
70,oldpadra_s,0,50.004,0.0,0.0
70,racecourse_n,1,44.029,0.0,0.009
70,racecourse_s,1,45.457,0.0,0.009
70,raopura_e,0,39.996,0.0,0.0
70,raopura_w,1,19.998,18.0,0.027
70,rcdutt_e,0,50.004,0.0,0.0
70,rcdutt_w,0,50.004,0.0,0.0
80,dandia_e,1,37.735,0.0,0.026
80,dandia_w,1,36.112,0.0,0.026
80,gotri_n,1,48.981,0.0,0.005
80,gotri_s,1,45.325,0.0,0.005
80,jetalpur_e,2,46.245,0.0,0.025
80,jetalpur_w,0,50.004,0.0,0.0
80,manjalpur_n,0,39.996,0.0,0.0
80,manjalpur_s,1,40.613,0.0,0.014
80,natubhai_loop,0,29.988,0.0,0.0
80,newsama_e,0,50.004,0.0,0.0
80,newsama_w,0,50.004,0.0,0.0
80,oldpadra_n,0,50.004,0.0,0.0
80,oldpadra_s,0,50.004,0.0,0.0
80,racecourse_n,0,50.004,0.0,0.0
80,racecourse_s,0,50.004,0.0,0.0
80,raopura_e,1,36.075,0.0,0.027
80,raopura_w,0,39.996,0.0,0.0
80,rcdutt_e,1,44.802,0.0,0.009
80,rcdutt_w,1,48.512,0.0,0.009
90,dandia_e,0,39.996,0.0,0.0
90,dandia_w,0,39.996,0.0,0.0
90,gotri_n,1,48.743,0.0,0.005
90,gotri_s,1,45.341,0.0,0.005
90,jetalpur_e,3,46.691,0.0,0.038
90,jetalpur_w,0,50.004,0.0,0.0
90,manjalpur_n,0,39.996,0.0,0.0
90,manjalpur_s,1,41.138,0.0,0.014
90,natubhai_loop,0,29.988,0.0,0.0
90,newsama_e,0,50.004,0.0,0.0
90,newsama_w,0,50.004,0.0,0.0
90,oldpadra_n,0,50.004,0.0,0.0
90,oldpadra_s,0,50.004,0.0,0.0
90,racecourse_n,0,50.004,0.0,0.0
90,racecourse_s,0,50.004,0.0,0.0
90,raopura_e,1,36.545,0.0,0.027
90,raopura_w,1,36.692,0.0,0.027
90,rcdutt_e,1,45.132,0.0,0.009
90,rcdutt_w,1,48.765,0.0,0.009
100,dandia_e,1,38.018,0.0,0.026
100,dandia_w,0,39.996,0.0,0.0
100,gotri_n,3,47.015,0.0,0.015
100,gotri_s,1,43.256,0.0,0.005
100,jetalpur_e,1,47.94,0.0,0.013
100,jetalpur_w,0,50.004,0.0,0.0
100,manjalpur_n,0,39.996,0.0,0.0
100,manjalpur_s,0,39.996,0.0,0.0
100,natubhai_loop,0,29.988,0.0,0.0
100,newsama_e,0,50.004,0.0,0.0
100,newsama_w,0,50.004,0.0,0.0
100,oldpadra_n,0,50.004,0.0,0.0
100,oldpadra_s,1,49.133,0.0,0.009
100,racecourse_n,1,46.183,0.0,0.009
100,racecourse_s,2,47.652,0.0,0.018
100,raopura_e,0,39.996,0.0,0.0
100,raopura_w,0,39.996,0.0,0.0
100,rcdutt_e,1,45.625,0.0,0.009
100,rcdutt_w,0,50.004,0.0,0.0
110,dandia_e,1,36.353,0.0,0.026
110,dandia_w,1,43.35,0.0,0.026
110,gotri_n,4,46.186,0.0,0.02
110,gotri_s,1,34.267,0.0,0.005
110,jetalpur_e,1,47.371,0.0,0.013
110,jetalpur_w,0,50.004,0.0,0.0
110,manjalpur_n,0,39.996,0.0,0.0
110,manjalpur_s,1,37.591,0.0,0.014
110,natubhai_loop,0,29.988,0.0,0.0
110,newsama_e,0,50.004,0.0,0.0
110,newsama_w,0,50.004,0.0,0.0
110,oldpadra_n,0,50.004,0.0,0.0
110,oldpadra_s,1,49.464,0.0,0.009
110,racecourse_n,1,45.089,0.0,0.009
110,racecourse_s,3,47.991,0.0,0.027
110,raopura_e,0,39.996,0.0,0.0
110,raopura_w,0,39.996,0.0,0.0
110,rcdutt_e,1,48.179,0.0,0.009
110,rcdutt_w,0,50.004,0.0,0.0
120,dandia_e,0,39.996,0.0,0.0
120,dandia_w,0,39.996,0.0,0.0
120,gotri_n,3,47.293,0.0,0.015
120,gotri_s,0,50.004,0.0,0.0
120,jetalpur_e,2,35.19,0.0,0.025
120,jetalpur_w,1,44.026,0.0,0.013
120,manjalpur_n,0,39.996,0.0,0.0
120,manjalpur_s,0,39.996,0.0,0.0
120,natubhai_loop,0,29.988,0.0,0.0
120,newsama_e,0,50.004,0.0,0.0
120,newsama_w,0,50.004,0.0,0.0
120,oldpadra_n,0,50.004,0.0,0.0
120,oldpadra_s,1,46.435,0.0,0.009
120,racecourse_n,0,50.004,0.0,0.0
120,racecourse_s,3,5.426,1.0,0.027
120,raopura_e,0,39.996,0.0,0.0
120,raopura_w,1,43.856,0.0,0.027
120,rcdutt_e,1,48.749,0.0,0.009
120,rcdutt_w,0,50.004,0.0,0.0
130,dandia_e,2,35.554,0.0,0.052
130,dandia_w,1,40.069,0.0,0.026
130,gotri_n,2,47.567,0.0,0.01
130,gotri_s,2,45.185,0.0,0.01
130,jetalpur_e,3,24.017,14.0,0.038
130,jetalpur_w,1,44.763,0.0,0.013
130,manjalpur_n,0,39.996,0.0,0.0
130,manjalpur_s,0,39.996,0.0,0.0
130,natubhai_loop,0,29.988,0.0,0.0
130,newsama_e,0,50.004,0.0,0.0
130,newsama_w,0,50.004,0.0,0.0
130,oldpadra_n,2,48.646,0.0,0.019
130,oldpadra_s,1,45.232,0.0,0.009
130,racecourse_n,0,50.004,0.0,0.0
130,racecourse_s,0,50.004,0.0,0.0
130,raopura_e,0,39.996,0.0,0.0
130,raopura_w,2,0.086,9.0,0.053
130,rcdutt_e,0,50.004,0.0,0.0
130,rcdutt_w,0,50.004,0.0,0.0
140,dandia_e,2,0.0,11.0,0.052
140,dandia_w,1,40.053,0.0,0.026
140,gotri_n,0,50.004,0.0,0.0
140,gotri_s,2,44.703,0.0,0.01
140,jetalpur_e,3,6.78,34.0,0.038
140,jetalpur_w,1,25.003,4.0,0.013
140,manjalpur_n,1,40.066,0.0,0.014
140,manjalpur_s,0,39.996,0.0,0.0
140,natubhai_loop,0,29.988,0.0,0.0
140,newsama_e,0,50.004,0.0,0.0
140,newsama_w,0,50.004,0.0,0.0
140,oldpadra_n,1,47.759,0.0,0.009
140,oldpadra_s,0,50.004,0.0,0.0
140,racecourse_n,1,48.844,0.0,0.009
140,racecourse_s,0,50.004,0.0,0.0
140,raopura_e,0,39.996,0.0,0.0
140,raopura_w,2,0.0,29.0,0.053
140,rcdutt_e,0,50.004,0.0,0.0
140,rcdutt_w,0,50.004,0.0,0.0
150,dandia_e,2,0.0,31.0,0.052
150,dandia_w,0,39.996,0.0,0.0
150,gotri_n,0,50.004,0.0,0.0
150,gotri_s,2,44.858,0.0,0.01
150,jetalpur_e,3,0.0,61.0,0.038
150,jetalpur_w,1,25.002,14.0,0.013
150,manjalpur_n,2,39.483,0.0,0.028
150,manjalpur_s,0,39.996,0.0,0.0
150,natubhai_loop,0,29.988,0.0,0.0
150,newsama_e,0,50.004,0.0,0.0
150,newsama_w,1,45.78,0.0,0.013
150,oldpadra_n,0,50.004,0.0,0.0
150,oldpadra_s,0,50.004,0.0,0.0
150,racecourse_n,1,49.425,0.0,0.009
150,racecourse_s,1,47.394,0.0,0.009
150,raopura_e,0,39.996,0.0,0.0
150,raopura_w,3,13.953,49.0,0.08
150,rcdutt_e,0,50.004,0.0,0.0
150,rcdutt_w,0,50.004,0.0,0.0
160,dandia_e,0,39.996,0.0,0.0
160,dandia_w,1,35.903,0.0,0.002
160,gotri_n,1,38.426,0.0,0.003
160,gotri_s,2,45.712,0.0,0.01
160,jetalpur_e,2,41.044,0.0,0.027
160,jetalpur_w,0,50.004,0.0,0.0
160,manjalpur_n,1,38.042,0.0,0.014
160,manjalpur_s,2,35.366,0.0,0.028
160,natubhai_loop,0,29.988,0.0,0.0
160,newsama_e,1,45.83,0.0,0.013
160,newsama_w,1,47.477,0.0,0.013
160,oldpadra_n,0,50.004,0.0,0.0
160,oldpadra_s,0,50.004,0.0,0.0
160,racecourse_n,0,50.004,0.0,0.0
160,racecourse_s,1,46.962,0.0,0.009
160,raopura_e,1,39.597,0.0,0.027
160,raopura_w,0,39.996,0.0,0.0
160,rcdutt_e,1,36.304,0.0,0.009
160,rcdutt_w,1,49.645,0.0,0.009
170,dandia_e,0,39.996,0.0,0.0
170,dandia_w,0,39.996,0.0,0.004
170,gotri_n,3,44.696,0.0,0.015
170,gotri_s,2,0.0,18.0,0.01
170,jetalpur_e,2,48.002,0.0,0.025
170,jetalpur_w,0,50.004,0.0,0.0
170,manjalpur_n,0,39.996,0.0,0.0
170,manjalpur_s,3,44.277,0.0,0.042
170,natubhai_loop,0,29.988,0.0,0.0
170,newsama_e,1,48.27,0.0,0.013
170,newsama_w,0,50.004,0.0,0.0
170,oldpadra_n,0,50.004,0.0,0.0
170,oldpadra_s,0,50.004,0.0,0.0
170,racecourse_n,1,48.612,0.0,0.009
170,racecourse_s,3,34.912,5.0,0.027
170,raopura_e,1,38.986,0.0,0.027
170,raopura_w,0,39.996,0.0,0.0
170,rcdutt_e,1,49.959,0.0,0.009
170,rcdutt_w,1,49.337,0.0,0.009
180,dandia_e,1,40.269,0.0,0.026
180,dandia_w,0,39.996,0.0,0.0
180,gotri_n,4,44.045,0.0,0.02
180,gotri_s,2,0.0,44.0,0.01
180,jetalpur_e,0,50.004,0.0,0.0
180,jetalpur_w,0,50.004,0.0,0.0
180,manjalpur_n,0,39.996,0.0,0.0
180,manjalpur_s,0,39.996,0.0,0.0
180,natubhai_loop,0,29.988,0.0,0.0
180,newsama_e,1,49.205,0.0,0.013
180,newsama_w,0,50.004,0.0,0.0
180,oldpadra_n,0,50.004,0.0,0.0
180,oldpadra_s,2,47.754,0.0,0.019
180,racecourse_n,3,40.364,0.0,0.027
180,racecourse_s,3,47.346,0.0,0.027
180,raopura_e,0,39.996,0.0,0.0
180,raopura_w,0,39.996,0.0,0.021
180,rcdutt_e,1,45.589,0.0,0.009
180,rcdutt_w,0,50.004,0.0,0.0
190,dandia_e,1,20.031,2.0,0.026
190,dandia_w,0,39.996,0.0,0.0
190,gotri_n,3,44.79,0.0,0.015
190,gotri_s,1,48.416,0.0,0.006
190,jetalpur_e,1,49.313,0.0,0.013
190,jetalpur_w,0,50.004,0.0,0.0
190,manjalpur_n,0,39.996,0.0,0.0
190,manjalpur_s,1,38.539,0.0,0.014
190,natubhai_loop,0,29.988,0.0,0.0
190,newsama_e,0,50.004,0.0,0.0
190,newsama_w,1,31.772,0.0,0.013
190,oldpadra_n,0,50.004,0.0,0.0
190,oldpadra_s,0,50.004,0.0,0.0
190,racecourse_n,1,47.087,0.0,0.009
190,racecourse_s,1,48.753,0.0,0.009
190,raopura_e,0,39.996,0.0,0.0
190,raopura_w,2,39.679,0.0,0.053
190,rcdutt_e,1,43.495,0.0,0.009
190,rcdutt_w,0,50.004,0.0,0.0
200,dandia_e,1,19.998,18.0,0.026
200,dandia_w,1,35.213,0.0,0.026
200,gotri_n,0,50.004,0.0,0.0
200,gotri_s,1,49.589,0.0,0.005
200,jetalpur_e,1,25.002,8.0,0.013
200,jetalpur_w,2,45.444,0.0,0.025
200,manjalpur_n,0,39.996,0.0,0.0
200,manjalpur_s,0,39.996,0.0,0.0
200,natubhai_loop,0,29.988,0.0,0.0
200,newsama_e,0,50.004,0.0,0.0
200,newsama_w,1,25.002,15.0,0.013
200,oldpadra_n,0,50.004,0.0,0.0
200,oldpadra_s,1,47.385,0.0,0.009
200,racecourse_n,0,50.004,0.0,0.0
200,racecourse_s,0,50.004,0.0,0.0
200,raopura_e,0,39.996,0.0,0.0
200,raopura_w,3,13.209,17.0,0.08
200,rcdutt_e,1,48.275,0.0,0.009
200,rcdutt_w,1,47.954,0.0,0.009
210,dandia_e,1,19.998,28.0,0.026
210,dandia_w,0,39.996,0.0,0.003
210,gotri_n,0,50.004,0.0,0.0
210,gotri_s,0,50.004,0.0,0.0
210,jetalpur_e,1,25.002,18.0,0.013
210,jetalpur_w,4,24.319,11.0,0.049
210,manjalpur_n,0,39.996,0.0,0.0
210,manjalpur_s,0,39.996,0.0,0.0
210,natubhai_loop,0,29.988,0.0,0.0
210,newsama_e,0,50.004,0.0,0.0
210,newsama_w,2,31.298,25.0,0.027
210,oldpadra_n,0,50.004,0.0,0.0
210,oldpadra_s,0,50.004,0.0,0.0
210,racecourse_n,0,50.004,0.0,0.0
210,racecourse_s,0,50.004,0.0,0.0
210,raopura_e,0,39.996,0.0,0.0
210,raopura_w,3,0.001,42.0,0.08
210,rcdutt_e,1,49.207,0.0,0.009
210,rcdutt_w,1,49.027,0.0,0.009
220,dandia_e,1,19.998,38.0,0.026
220,dandia_w,0,39.996,0.0,0.0
220,gotri_n,0,50.004,0.0,0.0
220,gotri_s,0,50.004,0.0,0.0
220,jetalpur_e,2,32.59,28.0,0.025
220,jetalpur_w,4,20.822,31.0,0.05
220,manjalpur_n,0,39.996,0.0,0.0
220,manjalpur_s,0,39.996,0.0,0.0
220,natubhai_loop,0,29.988,0.0,0.0
220,newsama_e,0,50.004,0.0,0.0
220,newsama_w,2,31.247,35.0,0.027
220,oldpadra_n,0,50.004,0.0,0.0
220,oldpadra_s,0,50.004,0.0,0.0
220,racecourse_n,0,50.004,0.0,0.0
220,racecourse_s,1,49.204,0.0,0.009
220,raopura_e,0,39.996,0.0,0.0
220,raopura_w,4,7.897,72.0,0.107
220,rcdutt_e,0,50.004,0.0,0.0
220,rcdutt_w,0,50.004,0.0,0.0
230,dandia_e,0,39.996,0.0,0.0
230,dandia_w,1,35.286,0.0,0.026
230,gotri_n,0,50.004,0.0,0.0
230,gotri_s,0,50.004,0.0,0.0
230,jetalpur_e,1,31.124,0.0,0.014
230,jetalpur_w,2,23.208,0.0,0.025
230,manjalpur_n,1,38.242,0.0,0.014
230,manjalpur_s,0,39.996,0.0,0.0
230,natubhai_loop,0,29.988,0.0,0.0
230,newsama_e,0,50.004,0.0,0.0
230,newsama_w,1,33.422,0.0,0.013
230,oldpadra_n,1,47.849,0.0,0.009
230,oldpadra_s,0,50.004,0.0,0.0
230,racecourse_n,0,50.004,0.0,0.0
230,racecourse_s,1,47.986,0.0,0.009
230,raopura_e,1,36.544,0.0,0.027
230,raopura_w,2,9.608,0.0,0.053
230,rcdutt_e,0,50.004,0.0,0.0
230,rcdutt_w,0,50.004,0.0,0.0
240,dandia_e,0,39.996,0.0,0.0
240,dandia_w,1,39.706,0.0,0.026
240,gotri_n,2,49.101,0.0,0.01
240,gotri_s,0,50.004,0.0,0.0
240,jetalpur_e,1,47.778,0.0,0.013
240,jetalpur_w,2,48.278,0.0,0.025
240,manjalpur_n,1,36.95,0.0,0.014
240,manjalpur_s,4,36.118,0.0,0.056
240,natubhai_loop,0,29.988,0.0,0.0
240,newsama_e,0,50.004,0.0,0.0
240,newsama_w,1,49.881,0.0,0.013
240,oldpadra_n,1,47.455,0.0,0.009
240,oldpadra_s,0,50.004,0.0,0.0
240,racecourse_n,1,44.918,0.0,0.009
240,racecourse_s,2,23.399,1.0,0.018
240,raopura_e,0,39.996,0.0,0.0
240,raopura_w,2,41.871,0.0,0.053
240,rcdutt_e,0,50.004,0.0,0.0
240,rcdutt_w,1,45.361,0.0,0.009
250,dandia_e,0,39.996,0.0,0.0
250,dandia_w,1,39.96,0.0,0.026
250,gotri_n,3,44.464,0.0,0.015
250,gotri_s,0,50.004,0.0,0.0
250,jetalpur_e,0,50.004,0.0,0.0
250,jetalpur_w,1,49.93,0.0,0.013
250,manjalpur_n,2,31.395,0.0,0.028
250,manjalpur_s,2,42.612,0.0,0.028
250,natubhai_loop,0,29.988,0.0,0.0
250,newsama_e,0,50.004,0.0,0.0
250,newsama_w,0,50.004,0.0,0.0
250,oldpadra_n,0,50.004,0.0,0.0
250,oldpadra_s,3,45.367,0.0,0.028
250,racecourse_n,3,42.377,0.0,0.027
250,racecourse_s,1,49.181,0.0,0.009
250,raopura_e,0,39.996,0.0,0.001
250,raopura_w,0,39.996,0.0,0.0
250,rcdutt_e,0,50.004,0.0,0.0
250,rcdutt_w,2,44.677,0.0,0.017
260,dandia_e,1,39.366,0.0,0.026
260,dandia_w,0,39.996,0.0,0.0
260,gotri_n,3,47.723,0.0,0.015
260,gotri_s,1,46.435,0.0,0.005
260,jetalpur_e,1,46.966,0.0,0.013
260,jetalpur_w,2,47.599,0.0,0.025
260,manjalpur_n,0,39.996,0.0,0.0
260,manjalpur_s,2,39.732,0.0,0.028
260,natubhai_loop,0,29.988,0.0,0.0
260,newsama_e,0,50.004,0.0,0.0
260,newsama_w,1,47.806,0.0,0.013
260,oldpadra_n,1,48.99,0.0,0.009
260,oldpadra_s,3,45.388,0.0,0.028
260,racecourse_n,2,26.892,0.0,0.018
260,racecourse_s,1,45.662,0.0,0.009
260,raopura_e,2,34.517,0.0,0.053
260,raopura_w,0,39.996,0.0,0.0
260,rcdutt_e,2,44.255,0.0,0.017
260,rcdutt_w,2,45.688,0.0,0.017
270,dandia_e,3,26.455,3.0,0.078
270,dandia_w,0,39.996,0.0,0.0
270,gotri_n,1,48.024,0.0,0.005
270,gotri_s,2,46.586,0.0,0.01
270,jetalpur_e,1,25.099,1.0,0.013
270,jetalpur_w,2,17.652,1.0,0.025
270,manjalpur_n,0,39.996,0.0,0.0
270,manjalpur_s,1,39.779,0.0,0.014
270,natubhai_loop,0,29.988,0.0,0.0
270,newsama_e,0,50.004,0.0,0.0
270,newsama_w,1,25.003,5.0,0.013
270,oldpadra_n,3,44.904,0.0,0.028
270,oldpadra_s,2,47.529,0.0,0.019
270,racecourse_n,2,44.813,0.0,0.018
270,racecourse_s,2,45.773,0.0,0.018
270,raopura_e,0,39.996,0.0,0.0
270,raopura_w,0,39.996,0.0,0.0
270,rcdutt_e,3,41.37,0.0,0.026
270,rcdutt_w,1,49.38,0.0,0.009
280,dandia_e,5,9.94,16.0,0.13
280,dandia_w,0,39.996,0.0,0.0
280,gotri_n,1,49.881,0.0,0.005
280,gotri_s,3,44.696,0.0,0.015
280,jetalpur_e,2,33.121,11.0,0.025
280,jetalpur_w,2,16.668,20.0,0.025
280,manjalpur_n,1,38.866,0.0,0.014
280,manjalpur_s,1,37.219,0.0,0.014
280,natubhai_loop,0,29.988,0.0,0.0
280,newsama_e,0,50.004,0.0,0.0
280,newsama_w,1,25.002,15.0,0.013
280,oldpadra_n,2,46.199,0.0,0.019
280,oldpadra_s,0,50.004,0.0,0.0
280,racecourse_n,2,43.785,0.0,0.018
280,racecourse_s,1,46.31,0.0,0.009
280,raopura_e,0,39.996,0.0,0.0
280,raopura_w,0,39.996,0.0,0.0
280,rcdutt_e,1,44.042,0.0,0.009
280,rcdutt_w,0,50.004,0.0,0.0
290,dandia_e,5,0.001,56.0,0.13
290,dandia_w,0,39.996,0.0,0.0
290,gotri_n,0,50.004,0.0,0.0
290,gotri_s,4,45.44,0.0,0.02
290,jetalpur_e,2,7.583,21.0,0.025
290,jetalpur_w,2,0.0,40.0,0.025
290,manjalpur_n,2,40.286,0.0,0.028
290,manjalpur_s,1,36.357,0.0,0.014
290,natubhai_loop,0,29.988,0.0,0.0
290,newsama_e,0,50.004,0.0,0.0
290,newsama_w,2,32.418,25.0,0.027
290,oldpadra_n,2,41.012,0.0,0.019
290,oldpadra_s,0,50.004,0.0,0.0
290,racecourse_n,2,44.833,0.0,0.018
290,racecourse_s,2,47.086,0.0,0.018
290,raopura_e,1,41.568,0.0,0.027
290,raopura_w,0,39.996,0.0,0.0
290,rcdutt_e,1,44.814,0.0,0.009
290,rcdutt_w,0,50.004,0.0,0.0
300,dandia_e,5,0.0,106.0,0.13
300,dandia_w,0,39.996,0.0,0.0
300,gotri_n,0,50.004,0.0,0.0
300,gotri_s,3,45.312,0.0,0.015
300,jetalpur_e,3,12.269,39.0,0.038
300,jetalpur_w,3,6.582,36.0,0.027
300,manjalpur_n,3,22.318,5.0,0.042
300,manjalpur_s,0,39.996,0.0,0.0
300,natubhai_loop,0,29.988,0.0,0.0
300,newsama_e,0,50.004,0.0,0.0
300,newsama_w,3,35.381,35.0,0.04
300,oldpadra_n,1,49.416,0.0,0.009
300,oldpadra_s,1,44.569,0.0,0.009
300,racecourse_n,0,50.004,0.0,0.0
300,racecourse_s,1,48.684,0.0,0.009
300,raopura_e,0,39.996,0.0,0.001
300,raopura_w,0,39.996,0.0,0.0
300,rcdutt_e,1,46.277,0.0,0.009
300,rcdutt_w,1,48.937,0.0,0.009
310,dandia_e,2,14.661,0.0,0.062
310,dandia_w,2,36.289,0.0,0.048
310,gotri_n,0,50.004,0.0,0.0
310,gotri_s,3,29.66,3.0,0.015
310,jetalpur_e,2,37.488,0.0,0.021
310,jetalpur_w,2,40.137,0.0,0.019
310,manjalpur_n,2,36.543,0.0,0.028
310,manjalpur_s,0,39.996,0.0,0.0
310,natubhai_loop,0,29.988,0.0,0.0
310,newsama_e,1,44.26,0.0,0.013
310,newsama_w,1,48.87,0.0,0.013
310,oldpadra_n,0,50.004,0.0,0.0
310,oldpadra_s,1,45.475,0.0,0.009
310,racecourse_n,1,47.853,0.0,0.009
310,racecourse_s,0,50.004,0.0,0.0
310,raopura_e,2,34.914,0.0,0.053
310,raopura_w,0,39.996,0.0,0.025
310,rcdutt_e,2,47.732,0.0,0.017
310,rcdutt_w,1,49.103,0.0,0.009
320,dandia_e,2,41.476,0.0,0.052
320,dandia_w,1,37.534,0.0,0.041
320,gotri_n,2,47.392,0.0,0.01
320,gotri_s,4,15.685,15.0,0.02
320,jetalpur_e,3,46.245,0.0,0.038
320,jetalpur_w,3,47.358,0.0,0.038
320,manjalpur_n,1,41.107,0.0,0.014
320,manjalpur_s,1,39.777,0.0,0.014
320,natubhai_loop,0,29.988,0.0,0.0
320,newsama_e,1,48.75,0.0,0.013
320,newsama_w,1,48.717,0.0,0.013
320,oldpadra_n,1,47.606,0.0,0.009
320,oldpadra_s,0,50.004,0.0,0.0
320,racecourse_n,1,49.216,0.0,0.009
320,racecourse_s,0,50.004,0.0,0.0
320,raopura_e,1,35.735,0.0,0.027
320,raopura_w,1,37.656,0.0,0.02
320,rcdutt_e,2,47.922,0.0,0.017
320,rcdutt_w,3,43.638,0.0,0.026
330,dandia_e,1,36.564,0.0,0.026
330,dandia_w,2,38.86,0.0,0.052
330,gotri_n,2,46.837,0.0,0.01
330,gotri_s,4,11.953,44.0,0.02
330,jetalpur_e,2,47.752,0.0,0.025
330,jetalpur_w,0,50.004,0.0,0.004
330,manjalpur_n,0,39.996,0.0,0.0
330,manjalpur_s,1,37.112,0.0,0.014
330,natubhai_loop,0,29.988,0.0,0.0
330,newsama_e,1,48.367,0.0,0.013
330,newsama_w,0,50.004,0.0,0.0
330,oldpadra_n,1,47.867,0.0,0.009
330,oldpadra_s,1,49.405,0.0,0.009
330,racecourse_n,2,48.296,0.0,0.018
330,racecourse_s,2,46.026,0.0,0.018
330,raopura_e,1,39.742,0.0,0.027
330,raopura_w,0,39.996,0.0,0.0
330,rcdutt_e,2,31.886,1.0,0.017
330,rcdutt_w,4,45.444,0.0,0.034
340,dandia_e,1,39.523,0.0,0.026
340,dandia_w,1,39.483,0.0,0.026
340,gotri_n,5,45.256,0.0,0.025
340,gotri_s,4,12.062,74.0,0.02
340,jetalpur_e,3,46.025,0.0,0.038
340,jetalpur_w,0,50.004,0.0,0.0
340,manjalpur_n,1,38.144,0.0,0.014
340,manjalpur_s,2,35.294,0.0,0.028
340,natubhai_loop,0,29.988,0.0,0.0
340,newsama_e,1,49.586,0.0,0.013
340,newsama_w,1,47.828,0.0,0.013
340,oldpadra_n,1,44.0,0.0,0.009
340,oldpadra_s,1,49.353,0.0,0.009
340,racecourse_n,3,48.121,0.0,0.027
340,racecourse_s,2,44.52,0.0,0.018
340,raopura_e,0,39.996,0.0,0.0
340,raopura_w,1,40.528,0.0,0.027
340,rcdutt_e,3,25.092,11.0,0.026
340,rcdutt_w,3,46.776,0.0,0.026
350,dandia_e,0,39.996,0.0,0.0
350,dandia_w,0,39.996,0.0,0.0
350,gotri_n,6,46.013,0.0,0.03
350,gotri_s,2,27.204,0.0,0.01
350,jetalpur_e,1,45.378,0.0,0.013
350,jetalpur_w,0,50.004,0.0,0.0
350,manjalpur_n,2,24.399,1.0,0.028
350,manjalpur_s,1,39.144,0.0,0.014
350,natubhai_loop,0,29.988,0.0,0.0
350,newsama_e,0,50.004,0.0,0.0
350,newsama_w,1,25.081,2.0,0.013
350,oldpadra_n,2,39.756,0.0,0.019
350,oldpadra_s,2,43.146,0.0,0.019
350,racecourse_n,2,48.444,0.0,0.018
350,racecourse_s,3,45.8,0.0,0.029
350,raopura_e,0,39.996,0.0,0.0
350,raopura_w,1,37.916,0.0,0.027
350,rcdutt_e,2,26.203,0.0,0.017
350,rcdutt_w,2,45.42,0.0,0.017
360,dandia_e,0,39.996,0.0,0.0
360,dandia_w,0,39.996,0.0,0.0
360,gotri_n,5,45.068,0.0,0.025
360,gotri_s,1,48.248,0.0,0.005
360,jetalpur_e,4,38.561,7.0,0.05
360,jetalpur_w,4,45.534,0.0,0.05
360,manjalpur_n,4,25.95,14.0,0.056
360,manjalpur_s,0,39.996,0.0,0.0
360,natubhai_loop,0,29.988,0.0,0.0
360,newsama_e,0,50.004,0.0,0.0
360,newsama_w,3,35.962,15.0,0.04
360,oldpadra_n,1,47.805,0.0,0.009
360,oldpadra_s,2,45.396,0.0,0.019
360,racecourse_n,0,50.004,0.0,0.0
360,racecourse_s,8,42.94,0.0,0.071
360,raopura_e,2,35.569,0.0,0.053
360,raopura_w,2,8.016,4.0,0.053
360,rcdutt_e,2,44.781,0.0,0.017
360,rcdutt_w,3,47.431,0.0,0.026
370,dandia_e,0,39.996,0.0,0.0
370,dandia_w,0,39.996,0.0,0.0
370,gotri_n,3,48.013,0.0,0.015
370,gotri_s,3,45.035,0.0,0.015
370,jetalpur_e,4,3.453,22.0,0.05
370,jetalpur_w,3,14.112,4.0,0.038
370,manjalpur_n,5,19.624,27.0,0.07
370,manjalpur_s,0,39.996,0.0,0.0
370,natubhai_loop,0,29.988,0.0,0.0
370,newsama_e,0,50.004,0.0,0.0
370,newsama_w,3,13.336,25.0,0.04
370,oldpadra_n,0,50.004,0.0,0.0
370,oldpadra_s,0,50.004,0.0,0.0
370,racecourse_n,2,41.1,0.0,0.018
370,racecourse_s,7,45.626,0.0,0.062
370,raopura_e,0,39.996,0.0,0.0
370,raopura_w,2,0.0,22.0,0.053
370,rcdutt_e,2,47.011,0.0,0.017
370,rcdutt_w,3,47.413,0.0,0.026
380,dandia_e,1,34.75,0.0,0.026
380,dandia_w,0,39.996,0.0,0.0
380,gotri_n,0,50.004,0.0,0.0
380,gotri_s,3,44.218,0.0,0.015
380,jetalpur_e,5,9.211,71.0,0.063
380,jetalpur_w,3,12.501,41.0,0.038
380,manjalpur_n,5,0.207,62.0,0.07
380,manjalpur_s,0,39.996,0.0,0.0
380,natubhai_loop,0,29.988,0.0,0.0
380,newsama_e,0,50.004,0.0,0.0
380,newsama_w,3,9.789,38.0,0.04
380,oldpadra_n,2,46.766,0.0,0.019
380,oldpadra_s,0,50.004,0.0,0.0
380,racecourse_n,2,44.035,0.0,0.018
380,racecourse_s,8,34.42,0.0,0.071
380,raopura_e,0,39.996,0.0,0.0
380,raopura_w,2,0.0,48.0,0.053
380,rcdutt_e,1,46.556,0.0,0.009
380,rcdutt_w,1,48.934,0.0,0.009
390,dandia_e,0,39.996,0.0,0.0
390,dandia_w,2,36.215,0.0,0.052
390,gotri_n,1,39.132,0.0,0.005
390,gotri_s,3,33.6,8.0,0.015
390,jetalpur_e,3,32.522,0.0,0.038
390,jetalpur_w,4,41.388,0.0,0.05
390,manjalpur_n,2,33.141,0.0,0.03
390,manjalpur_s,2,36.352,0.0,0.028
390,natubhai_loop,4,0.059,17.0,0.658
390,newsama_e,1,48.143,0.0,0.013
390,newsama_w,2,47.762,0.0,0.027
390,oldpadra_n,2,45.491,0.0,0.019
390,oldpadra_s,0,50.004,0.0,0.0
390,racecourse_n,0,50.004,0.0,0.0
390,racecourse_s,7,44.996,0.0,0.062
390,raopura_e,3,29.377,0.0,0.077
390,raopura_w,1,37.506,0.0,0.027
390,rcdutt_e,5,34.513,0.0,0.043
390,rcdutt_w,0,50.004,0.0,0.0
400,dandia_e,4,39.428,0.0,0.104
400,dandia_w,1,40.222,0.0,0.026
400,gotri_n,6,44.617,0.0,0.03
400,gotri_s,6,27.612,31.0,0.03
400,jetalpur_e,0,50.004,0.0,0.0
400,jetalpur_w,1,44.998,0.0,0.013
400,manjalpur_n,3,36.153,0.0,0.042
400,manjalpur_s,2,33.744,0.0,0.028
400,natubhai_loop,4,0.0,81.0,0.658
400,newsama_e,1,48.949,0.0,0.013
400,newsama_w,0,50.004,0.0,0.0
400,oldpadra_n,0,50.004,0.0,0.0
400,oldpadra_s,0,50.004,0.0,0.0
400,racecourse_n,2,41.375,0.0,0.018
400,racecourse_s,6,36.226,0.0,0.053
400,raopura_e,5,12.547,12.0,0.133
400,raopura_w,2,39.001,0.0,0.053
400,rcdutt_e,7,36.249,11.0,0.06
400,rcdutt_w,1,47.902,0.0,0.009
410,dandia_e,1,39.565,0.0,0.05
410,dandia_w,2,37.319,0.0,0.052
410,gotri_n,6,45.796,0.0,0.03
410,gotri_s,7,24.226,47.0,0.035
410,jetalpur_e,1,48.594,0.0,0.013
410,jetalpur_w,0,50.004,0.0,0.0
410,manjalpur_n,3,34.415,0.0,0.042
410,manjalpur_s,4,40.093,0.0,0.056
410,natubhai_loop,4,0.0,133.0,0.658
410,newsama_e,0,50.004,0.0,0.0
410,newsama_w,0,50.004,0.0,0.0
410,oldpadra_n,2,49.081,0.0,0.019
410,oldpadra_s,1,45.094,0.0,0.009
410,racecourse_n,5,41.866,0.0,0.045
410,racecourse_s,5,19.215,13.0,0.045
410,raopura_e,7,15.896,11.0,0.187
410,raopura_w,1,33.498,0.0,0.027
410,rcdutt_e,7,14.325,54.0,0.06
410,rcdutt_w,3,48.584,0.0,0.026
420,dandia_e,2,28.353,0.0,0.052
420,dandia_w,3,27.438,0.0,0.078
420,gotri_n,5,46.276,0.0,0.025
420,gotri_s,5,34.97,15.0,0.033
420,jetalpur_e,4,46.997,0.0,0.05
420,jetalpur_w,0,50.004,0.0,0.0
420,manjalpur_n,3,36.766,0.0,0.035
420,manjalpur_s,2,42.239,0.0,0.028
420,natubhai_loop,3,0.0,126.0,0.626
420,newsama_e,0,50.004,0.0,0.0
420,newsama_w,0,50.004,0.0,0.0
420,oldpadra_n,1,47.852,0.0,0.014
420,oldpadra_s,3,43.209,0.0,0.028
420,racecourse_n,4,42.154,0.0,0.036
420,racecourse_s,5,21.266,32.0,0.045
420,raopura_e,8,4.272,66.0,0.213
420,raopura_w,1,23.12,0.0,0.027
420,rcdutt_e,6,7.143,85.0,0.058
420,rcdutt_w,3,47.773,0.0,0.028
430,dandia_e,4,16.893,11.0,0.104
430,dandia_w,3,9.999,23.0,0.078
430,gotri_n,1,49.979,0.0,0.005
430,gotri_s,2,43.534,0.0,0.01
430,jetalpur_e,10,29.493,12.0,0.119
430,jetalpur_w,7,44.237,0.0,0.088
430,manjalpur_n,4,23.246,7.0,0.056
430,manjalpur_s,2,42.377,0.0,0.028
430,natubhai_loop,1,12.319,0.0,0.171
430,newsama_e,0,50.004,0.0,0.0
430,newsama_w,1,48.478,0.0,0.013
430,oldpadra_n,1,49.921,0.0,0.009
430,oldpadra_s,1,47.305,0.0,0.009
430,racecourse_n,2,43.097,0.0,0.018
430,racecourse_s,4,34.6,0.0,0.036
430,raopura_e,12,5.776,163.0,0.302
430,raopura_w,1,19.998,12.0,0.027
430,rcdutt_e,0,50.004,0.0,0.0
430,rcdutt_w,1,49.989,0.0,0.009
440,dandia_e,8,15.063,45.0,0.208
440,dandia_w,0,39.996,0.0,0.0
440,gotri_n,0,50.004,0.0,0.0
440,gotri_s,3,43.007,0.0,0.015
440,jetalpur_e,11,9.85,70.0,0.138
440,jetalpur_w,8,6.387,25.0,0.101
440,manjalpur_n,4,1.888,41.0,0.056
440,manjalpur_s,0,39.996,0.0,0.0
440,natubhai_loop,0,29.988,0.0,0.0
440,newsama_e,0,50.004,0.0,0.0
440,newsama_w,2,32.484,7.0,0.027
440,oldpadra_n,4,47.823,0.0,0.038
440,oldpadra_s,2,47.801,0.0,0.019
440,racecourse_n,5,40.942,0.0,0.043
440,racecourse_s,4,11.379,20.0,0.036
440,raopura_e,7,9.515,0.0,0.187
440,raopura_w,2,12.753,25.0,0.053
440,rcdutt_e,5,46.629,0.0,0.043
440,rcdutt_w,0,50.004,0.0,0.0
450,dandia_e,10,5.002,137.0,0.26
450,dandia_w,1,36.33,0.0,0.026
450,gotri_n,0,50.004,0.0,0.0
450,gotri_s,2,47.29,0.0,0.01
450,jetalpur_e,12,3.93,187.0,0.151
450,jetalpur_w,9,4.304,119.0,0.113
450,manjalpur_n,5,8.076,73.0,0.07
450,manjalpur_s,0,39.996,0.0,0.0
450,natubhai_loop,0,29.988,0.0,0.0
450,newsama_e,0,50.004,0.0,0.0
450,newsama_w,2,16.68,22.0,0.027
450,oldpadra_n,5,46.723,0.0,0.047
450,oldpadra_s,2,49.613,0.0,0.019
450,racecourse_n,6,42.128,0.0,0.053
450,racecourse_s,1,49.733,0.0,0.009
450,raopura_e,4,16.028,0.0,0.105
450,raopura_w,2,0.0,49.0,0.053
450,rcdutt_e,4,45.427,0.0,0.034
450,rcdutt_w,0,50.004,0.0,0.0
460,dandia_e,8,8.323,0.0,0.208
460,dandia_w,2,32.945,0.0,0.017
460,gotri_n,0,50.004,0.0,0.0
460,gotri_s,2,46.959,0.0,0.01
460,jetalpur_e,12,17.697,24.0,0.151
460,jetalpur_w,6,15.932,0.0,0.078
460,manjalpur_n,4,29.444,0.0,0.056
460,manjalpur_s,2,30.892,0.0,0.023
460,natubhai_loop,0,29.988,0.0,0.0
460,newsama_e,1,43.362,0.0,0.013
460,newsama_w,3,46.171,0.0,0.04
460,oldpadra_n,3,47.946,0.0,0.028
460,oldpadra_s,0,50.004,0.0,0.0
460,racecourse_n,4,43.098,0.0,0.036
460,racecourse_s,0,50.004,0.0,0.0
460,raopura_e,6,28.156,0.0,0.161
460,raopura_w,1,35.061,0.0,0.013
460,rcdutt_e,4,14.033,8.0,0.034
460,rcdutt_w,0,50.004,0.0,0.0
470,dandia_e,2,34.793,0.0,0.052
470,dandia_w,3,38.136,0.0,0.078
470,gotri_n,5,46.939,0.0,0.025
470,gotri_s,7,39.319,0.0,0.035
470,jetalpur_e,10,30.639,0.0,0.118
470,jetalpur_w,1,48.366,0.0,0.013
470,manjalpur_n,5,37.651,0.0,0.07
470,manjalpur_s,2,37.311,0.0,0.028
470,natubhai_loop,0,29.988,0.0,0.0
470,newsama_e,3,46.924,0.0,0.04
470,newsama_w,4,43.985,0.0,0.053
470,oldpadra_n,1,49.429,0.0,0.009
470,oldpadra_s,0,50.004,0.0,0.0
470,racecourse_n,5,44.487,0.0,0.045
470,racecourse_s,1,49.196,0.0,0.009
470,raopura_e,6,17.611,0.0,0.161
470,raopura_w,1,35.323,0.0,0.027
470,rcdutt_e,5,26.582,28.0,0.043
470,rcdutt_w,5,36.589,0.0,0.036
480,dandia_e,1,43.159,0.0,0.026
480,dandia_w,1,40.993,0.0,0.026
480,gotri_n,12,44.012,0.0,0.059
480,gotri_s,9,34.088,6.0,0.044
480,jetalpur_e,8,33.979,0.0,0.101
480,jetalpur_w,0,50.004,0.0,0.0
480,manjalpur_n,2,39.714,0.0,0.033
480,manjalpur_s,1,36.239,0.0,0.014
480,natubhai_loop,0,29.988,0.0,0.0
480,newsama_e,2,47.658,0.0,0.027
480,newsama_w,0,50.004,0.0,0.001
480,oldpadra_n,0,50.004,0.0,0.0
480,oldpadra_s,2,42.748,0.0,0.019
480,racecourse_n,5,44.371,0.0,0.045
480,racecourse_s,1,48.67,0.0,0.009
480,raopura_e,7,18.719,0.0,0.187
480,raopura_w,2,37.532,0.0,0.053
480,rcdutt_e,5,26.03,48.0,0.043
480,rcdutt_w,5,39.075,0.0,0.043
490,dandia_e,1,36.608,0.0,0.037
490,dandia_w,2,36.13,0.0,0.052
490,gotri_n,17,44.889,0.0,0.084
490,gotri_s,10,35.394,18.0,0.049
490,jetalpur_e,4,38.907,0.0,0.05
490,jetalpur_w,0,50.004,0.0,0.0
490,manjalpur_n,1,37.471,0.0,0.014
490,manjalpur_s,5,35.544,0.0,0.07
490,natubhai_loop,0,29.988,0.0,0.0
490,newsama_e,2,42.169,0.0,0.027
490,newsama_w,0,50.004,0.0,0.0
490,oldpadra_n,2,46.743,0.0,0.019
490,oldpadra_s,2,45.695,0.0,0.019
490,racecourse_n,4,41.44,0.0,0.036
490,racecourse_s,2,24.496,2.0,0.018
490,raopura_e,6,15.533,0.0,0.16
490,raopura_w,1,39.664,0.0,0.027
490,rcdutt_e,6,24.007,77.0,0.051
490,rcdutt_w,4,33.33,0.0,0.026
500,dandia_e,6,22.262,5.0,0.156
500,dandia_w,0,39.996,0.0,0.0
500,gotri_n,16,44.013,0.0,0.079
500,gotri_s,10,44.793,0.0,0.049
500,jetalpur_e,3,24.514,8.0,0.038
500,jetalpur_w,2,38.72,0.0,0.025
500,manjalpur_n,3,38.586,0.0,0.042
500,manjalpur_s,2,36.558,0.0,0.038
500,natubhai_loop,0,29.988,0.0,0.0
500,newsama_e,1,43.693,0.0,0.013
500,newsama_w,2,45.419,0.0,0.027
500,oldpadra_n,2,45.037,0.0,0.019
500,oldpadra_s,4,41.854,0.0,0.031
500,racecourse_n,5,42.988,0.0,0.045
500,racecourse_s,5,35.642,0.0,0.045
500,raopura_e,4,14.035,0.0,0.107
500,raopura_w,0,39.996,0.0,0.0
500,rcdutt_e,6,42.367,0.0,0.058
500,rcdutt_w,2,47.432,0.0,0.017
510,dandia_e,7,5.503,59.0,0.182
510,dandia_w,0,39.996,0.0,0.0
510,gotri_n,11,41.505,0.0,0.054
510,gotri_s,4,43.949,0.0,0.02
510,jetalpur_e,8,32.503,34.0,0.101
510,jetalpur_w,6,47.027,0.0,0.075
510,manjalpur_n,5,20.107,8.0,0.07
510,manjalpur_s,0,39.996,0.0,0.0
510,natubhai_loop,0,29.988,0.0,0.0
510,newsama_e,1,45.088,0.0,0.013
510,newsama_w,1,25.032,1.0,0.013
510,oldpadra_n,3,41.36,0.0,0.028
510,oldpadra_s,3,45.449,0.0,0.028
510,racecourse_n,7,46.285,0.0,0.062
510,racecourse_s,5,37.73,0.0,0.045
510,raopura_e,0,39.996,0.0,0.0
510,raopura_w,0,39.996,0.0,0.0
510,rcdutt_e,2,43.95,0.0,0.017
510,rcdutt_w,0,50.004,0.0,0.0
520,dandia_e,7,0.138,106.0,0.182
520,dandia_w,0,39.996,0.0,0.0
520,gotri_n,6,42.49,0.0,0.03
520,gotri_s,2,47.978,0.0,0.01
520,jetalpur_e,11,17.73,66.0,0.138
520,jetalpur_w,4,36.907,0.0,0.049
520,manjalpur_n,5,9.624,39.0,0.07
520,manjalpur_s,0,39.996,0.0,0.0
520,natubhai_loop,0,29.988,0.0,0.0
520,newsama_e,2,41.438,0.0,0.027
520,newsama_w,2,32.681,11.0,0.027
520,oldpadra_n,3,41.44,0.0,0.028
520,oldpadra_s,1,43.202,0.0,0.009
520,racecourse_n,3,46.663,0.0,0.027
520,racecourse_s,5,35.623,0.0,0.045
520,raopura_e,0,39.996,0.0,0.0
520,raopura_w,0,39.996,0.0,0.0
520,rcdutt_e,2,44.257,0.0,0.017
520,rcdutt_w,4,45.911,0.0,0.034
530,dandia_e,7,0.001,184.0,0.182
530,dandia_w,0,39.996,0.0,0.0
530,gotri_n,1,46.212,0.0,0.005
530,gotri_s,1,47.929,0.0,0.005
530,jetalpur_e,11,4.971,161.0,0.138
530,jetalpur_w,6,15.26,21.0,0.064
530,manjalpur_n,8,13.734,39.0,0.112
530,manjalpur_s,0,39.996,0.0,0.0
530,natubhai_loop,1,9.275,0.0,0.219
530,newsama_e,0,50.004,0.0,0.0
530,newsama_w,2,0.007,27.0,0.027
530,oldpadra_n,2,46.209,0.0,0.019
530,oldpadra_s,0,50.004,0.0,0.0
530,racecourse_n,0,50.004,0.0,0.0
530,racecourse_s,2,47.509,0.0,0.018
530,raopura_e,1,24.482,0.0,0.001
530,raopura_w,0,39.996,0.0,0.0
530,rcdutt_e,2,45.625,0.0,0.017
530,rcdutt_w,4,43.312,0.0,0.034
540,dandia_e,3,28.787,0.0,0.088
540,dandia_w,2,40.172,0.0,0.052
540,gotri_n,2,39.394,0.0,0.01
540,gotri_s,2,47.17,0.0,0.01
540,jetalpur_e,10,25.909,0.0,0.115
540,jetalpur_w,4,47.941,0.0,0.05
540,manjalpur_n,3,19.711,0.0,0.042
540,manjalpur_s,0,39.996,0.0,0.0
540,natubhai_loop,1,0.0,10.0,0.164
540,newsama_e,1,47.971,0.0,0.013
540,newsama_w,0,50.004,0.0,0.0
540,oldpadra_n,2,48.156,0.0,0.019
540,oldpadra_s,0,50.004,0.0,0.0
540,racecourse_n,0,50.004,0.0,0.0
540,racecourse_s,6,26.562,4.0,0.053
540,raopura_e,4,29.947,0.0,0.104
540,raopura_w,0,39.996,0.0,0.0
540,rcdutt_e,2,44.824,0.0,0.017
540,rcdutt_w,1,47.777,0.0,0.009
550,dandia_e,2,6.666,13.0,0.052
550,dandia_w,4,37.893,0.0,0.126
550,gotri_n,4,44.591,0.0,0.02
550,gotri_s,6,48.1,0.0,0.03
550,jetalpur_e,3,41.134,0.0,0.038
550,jetalpur_w,0,50.004,0.0,0.0
550,manjalpur_n,4,37.551,0.0,0.056
550,manjalpur_s,0,39.996,0.0,0.0
550,natubhai_loop,1,0.0,23.0,0.164
550,newsama_e,2,47.194,0.0,0.027
550,newsama_w,0,50.004,0.0,0.0
550,oldpadra_n,0,50.004,0.0,0.0
550,oldpadra_s,0,50.004,0.0,0.0
550,racecourse_n,2,46.521,0.0,0.018
550,racecourse_s,5,45.842,0.0,0.045
550,raopura_e,8,13.362,0.0,0.214
550,raopura_w,1,39.553,0.0,0.027
550,rcdutt_e,2,40.769,0.0,0.017
550,rcdutt_w,1,48.775,0.0,0.009
560,dandia_e,0,39.996,0.0,0.0
560,dandia_w,0,39.996,0.0,0.0
560,gotri_n,8,43.312,0.0,0.04
560,gotri_s,6,38.287,5.0,0.03
560,jetalpur_e,1,46.624,0.0,0.013
560,jetalpur_w,0,50.004,0.0,0.0
560,manjalpur_n,2,38.103,0.0,0.028
560,manjalpur_s,2,39.9,0.0,0.028
560,natubhai_loop,1,0.0,33.0,0.164
560,newsama_e,1,49.415,0.0,0.013
560,newsama_w,0,50.004,0.0,0.0
560,oldpadra_n,2,43.156,0.0,0.019
560,oldpadra_s,0,50.004,0.0,0.0
560,racecourse_n,3,46.408,0.0,0.027
560,racecourse_s,3,43.073,0.0,0.027
560,raopura_e,9,7.668,29.0,0.24
560,raopura_w,4,41.304,0.0,0.107
560,rcdutt_e,2,16.71,8.0,0.017
560,rcdutt_w,2,49.157,0.0,0.017
570,dandia_e,0,39.996,0.0,0.0
570,dandia_w,0,39.996,0.0,0.0
570,gotri_n,8,45.793,0.0,0.04
570,gotri_s,6,38.627,6.0,0.034
570,jetalpur_e,1,25.012,1.0,0.013
570,jetalpur_w,3,45.573,0.0,0.038
570,manjalpur_n,0,39.996,0.0,0.0
570,manjalpur_s,4,39.441,0.0,0.056
570,natubhai_loop,1,2.347,0.0,0.164
570,newsama_e,0,50.004,0.0,0.0
570,newsama_w,2,46.322,0.0,0.027
570,oldpadra_n,2,47.582,0.0,0.019
570,oldpadra_s,2,46.963,0.0,0.019
570,racecourse_n,7,41.86,0.0,0.062
570,racecourse_s,3,29.316,3.0,0.027
570,raopura_e,8,16.51,0.0,0.213
570,raopura_w,0,39.996,0.0,0.0
570,rcdutt_e,1,25.002,14.0,0.015
570,rcdutt_w,2,47.847,0.0,0.017
580,dandia_e,3,29.142,0.0,0.078
580,dandia_w,1,35.752,0.0,0.026
580,gotri_n,5,43.664,0.0,0.025
580,gotri_s,1,48.657,0.0,0.005
580,jetalpur_e,1,25.002,14.0,0.013
580,jetalpur_w,8,31.376,1.0,0.101
580,manjalpur_n,2,38.324,0.0,0.028
580,manjalpur_s,4,35.92,0.0,0.056
580,natubhai_loop,0,29.988,0.0,0.0
580,newsama_e,2,49.362,0.0,0.027
580,newsama_w,3,15.14,10.0,0.04
580,oldpadra_n,0,50.004,0.0,0.0
580,oldpadra_s,4,48.233,0.0,0.038
580,racecourse_n,5,45.04,0.0,0.045
580,racecourse_s,2,47.442,0.0,0.018
580,raopura_e,10,8.516,8.0,0.273
580,raopura_w,0,39.996,0.0,0.0
580,rcdutt_e,0,50.004,0.0,0.0
580,rcdutt_w,0,50.004,0.0,0.0
590,dandia_e,4,10.938,12.0,0.104
590,dandia_w,0,39.996,0.0,0.0
590,gotri_n,4,42.252,0.0,0.02
590,gotri_s,1,49.934,0.0,0.005
590,jetalpur_e,1,25.002,24.0,0.013
590,jetalpur_w,9,9.403,35.0,0.113
590,manjalpur_n,3,17.175,0.0,0.042
590,manjalpur_s,3,35.109,0.0,0.042
590,natubhai_loop,0,29.988,0.0,0.0
590,newsama_e,0,50.004,0.0,0.0
590,newsama_w,3,0.001,32.0,0.04
590,oldpadra_n,2,48.076,0.0,0.019
590,oldpadra_s,2,46.992,0.0,0.019
590,racecourse_n,1,46.078,0.0,0.009
590,racecourse_s,2,46.955,0.0,0.018
590,raopura_e,8,7.819,5.0,0.231
590,raopura_w,2,31.238,0.0,0.053
590,rcdutt_e,1,33.331,0.0,0.007
590,rcdutt_w,0,50.004,0.0,0.0
600,dandia_e,5,5.79,47.0,0.13
600,dandia_w,2,36.022,0.0,0.052
600,gotri_n,0,50.004,0.0,0.0
600,gotri_s,0,50.004,0.0,0.0
600,jetalpur_e,1,25.002,34.0,0.013
600,jetalpur_w,10,2.389,107.0,0.12
600,manjalpur_n,5,23.706,17.0,0.07
600,manjalpur_s,0,39.996,0.0,0.0
600,natubhai_loop,0,29.988,0.0,0.0
600,newsama_e,0,50.004,0.0,0.0
600,newsama_w,5,17.2,62.0,0.066
600,oldpadra_n,2,48.415,0.0,0.019
600,oldpadra_s,3,43.574,0.0,0.028
600,racecourse_n,3,44.662,0.0,0.027
600,racecourse_s,1,49.143,0.0,0.009
600,raopura_e,5,20.857,0.0,0.133
600,raopura_w,2,1.26,7.0,0.053
600,rcdutt_e,2,48.088,0.0,0.017
600,rcdutt_w,0,50.004,0.0,0.0
610,dandia_e,7,10.096,94.0,0.182
610,dandia_w,1,36.331,0.0,0.026
610,gotri_n,0,50.004,0.0,0.0
610,gotri_s,2,48.798,0.0,0.01
610,jetalpur_e,1,25.002,44.0,0.013
610,jetalpur_w,10,5.586,114.0,0.126
610,manjalpur_n,7,13.397,40.0,0.098
610,manjalpur_s,0,39.996,0.0,0.0
610,natubhai_loop,0,29.988,0.0,0.0
610,newsama_e,0,50.004,0.0,0.0
610,newsama_w,5,0.131,94.0,0.066
610,oldpadra_n,0,50.004,0.0,0.0
610,oldpadra_s,3,44.536,0.0,0.028
610,racecourse_n,6,43.88,0.0,0.053
610,racecourse_s,1,49.756,0.0,0.009
610,raopura_e,2,15.794,0.0,0.054
610,raopura_w,2,0.0,27.0,0.053
610,rcdutt_e,2,46.041,0.0,0.017
610,rcdutt_w,0,50.004,0.0,0.0
620,dandia_e,3,4.541,6.0,0.088
620,dandia_w,6,38.147,0.0,0.156
620,gotri_n,4,38.472,0.0,0.02
620,gotri_s,2,46.485,0.0,0.01
620,jetalpur_e,2,43.982,0.0,0.025
620,jetalpur_w,4,28.274,0.0,0.057
620,manjalpur_n,1,33.007,0.0,0.014
620,manjalpur_s,2,33.17,0.0,0.028
620,natubhai_loop,0,29.988,0.0,0.0
620,newsama_e,0,50.004,0.0,0.0
620,newsama_w,0,50.004,0.0,0.0
620,oldpadra_n,0,50.004,0.0,0.0
620,oldpadra_s,0,50.004,0.0,0.0
620,racecourse_n,5,41.268,0.0,0.045
620,racecourse_s,3,24.692,6.0,0.027
620,raopura_e,5,31.592,0.0,0.133
620,raopura_w,1,34.733,0.0,0.027
620,rcdutt_e,4,35.938,3.0,0.034
620,rcdutt_w,0,50.004,0.0,0.0
630,dandia_e,4,20.003,0.0,0.09
630,dandia_w,7,27.413,0.0,0.182
630,gotri_n,5,43.727,0.0,0.025
630,gotri_s,2,46.416,0.0,0.01
630,jetalpur_e,2,47.914,0.0,0.025
630,jetalpur_w,0,50.004,0.0,0.0
630,manjalpur_n,0,39.996,0.0,0.0
630,manjalpur_s,3,33.001,0.0,0.042
630,natubhai_loop,0,29.988,0.0,0.0
630,newsama_e,1,47.701,0.0,0.013
630,newsama_w,1,48.454,0.0,0.013
630,oldpadra_n,0,50.004,0.0,0.0
630,oldpadra_s,1,48.052,0.0,0.009
630,racecourse_n,7,45.797,0.0,0.062
630,racecourse_s,2,44.803,0.0,0.018
630,raopura_e,4,12.971,2.0,0.111
630,raopura_w,1,37.767,0.0,0.027
630,rcdutt_e,4,26.579,16.0,0.034
630,rcdutt_w,1,48.269,0.0,0.009
640,dandia_e,1,39.634,0.0,0.026
640,dandia_w,2,29.146,0.0,0.052
640,gotri_n,6,45.639,0.0,0.03
640,gotri_s,4,21.586,3.0,0.02
640,jetalpur_e,1,47.642,0.0,0.011
640,jetalpur_w,0,50.004,0.0,0.0
640,manjalpur_n,0,39.996,0.0,0.0
640,manjalpur_s,4,42.138,0.0,0.056
640,natubhai_loop,0,29.988,0.0,0.0
640,newsama_e,1,47.477,0.0,0.013
640,newsama_w,3,45.301,0.0,0.04
640,oldpadra_n,0,50.004,0.0,0.0
640,oldpadra_s,3,45.976,0.0,0.028
640,racecourse_n,7,48.292,0.0,0.066
640,racecourse_s,4,36.885,0.0,0.036
640,raopura_e,4,8.088,14.0,0.107
640,raopura_w,4,37.705,0.0,0.107
640,rcdutt_e,5,16.484,41.0,0.043
640,rcdutt_w,4,43.098,0.0,0.034
650,dandia_e,4,15.256,6.0,0.104
650,dandia_w,1,19.998,5.0,0.026
650,gotri_n,4,45.959,0.0,0.02
650,gotri_s,2,44.657,0.0,0.01
650,jetalpur_e,3,32.861,0.0,0.038
650,jetalpur_w,2,46.496,0.0,0.025
650,manjalpur_n,0,39.996,0.0,0.0
650,manjalpur_s,5,37.976,0.0,0.07
650,natubhai_loop,0,29.988,0.0,0.0
650,newsama_e,1,44.767,0.0,0.013
650,newsama_w,2,16.688,7.0,0.027
650,oldpadra_n,0,50.004,0.0,0.0
650,oldpadra_s,5,45.797,0.0,0.047
650,racecourse_n,6,48.251,0.0,0.053
650,racecourse_s,7,34.448,0.0,0.062
650,raopura_e,2,13.332,16.0,0.053
650,raopura_w,0,39.996,0.0,0.0
650,rcdutt_e,7,33.139,0.0,0.06
650,rcdutt_w,5,45.627,0.0,0.043
660,dandia_e,9,12.477,32.0,0.234
660,dandia_w,0,39.996,0.0,0.0
660,gotri_n,2,49.45,0.0,0.01
660,gotri_s,2,45.893,0.0,0.01
660,jetalpur_e,8,33.719,21.0,0.101
660,jetalpur_w,3,29.25,9.0,0.038
660,manjalpur_n,0,39.996,0.0,0.0
660,manjalpur_s,0,39.996,0.0,0.0
660,natubhai_loop,0,29.988,0.0,0.0
660,newsama_e,0,50.004,0.0,0.0
660,newsama_w,2,2.791,18.0,0.027
660,oldpadra_n,0,50.004,0.0,0.0
660,oldpadra_s,3,47.263,0.0,0.028
660,racecourse_n,0,50.004,0.0,0.0
660,racecourse_s,7,44.103,0.0,0.062
660,raopura_e,0,39.996,0.0,0.0
660,raopura_w,1,28.928,0.0,0.027
660,rcdutt_e,5,33.605,0.0,0.037
660,rcdutt_w,2,45.867,0.0,0.017
670,dandia_e,9,1.51,93.0,0.234
670,dandia_w,1,35.01,0.0,0.026
670,gotri_n,1,49.706,0.0,0.005
670,gotri_s,1,44.44,0.0,0.005
670,jetalpur_e,11,11.337,69.0,0.138
670,jetalpur_w,4,19.13,39.0,0.05
670,manjalpur_n,0,39.996,0.0,0.0
670,manjalpur_s,1,37.12,0.0,0.014
670,natubhai_loop,1,16.672,0.0,0.279
670,newsama_e,0,50.004,0.0,0.0
670,newsama_w,2,0.0,43.0,0.027
670,oldpadra_n,1,48.533,0.0,0.009
670,oldpadra_s,2,45.405,0.0,0.019
670,racecourse_n,1,38.024,0.0,0.008
670,racecourse_s,5,44.144,0.0,0.045
670,raopura_e,1,41.128,0.0,0.027
670,raopura_w,3,26.96,11.0,0.08
670,rcdutt_e,4,40.232,0.0,0.034
670,rcdutt_w,0,50.004,0.0,0.0
680,dandia_e,8,4.065,55.0,0.208
680,dandia_w,0,39.996,0.0,0.0
680,gotri_n,0,50.004,0.0,0.0
680,gotri_s,2,44.14,0.0,0.01
680,jetalpur_e,10,7.887,47.0,0.126
680,jetalpur_w,5,29.804,0.0,0.063
680,manjalpur_n,2,33.386,0.0,0.028
680,manjalpur_s,0,39.996,0.0,0.0
680,natubhai_loop,0,29.988,0.0,0.0
680,newsama_e,0,50.004,0.0,0.0
680,newsama_w,2,47.948,0.0,0.027
680,oldpadra_n,2,48.726,0.0,0.019
680,oldpadra_s,1,35.324,0.0,0.009
680,racecourse_n,2,49.262,0.0,0.018
680,racecourse_s,4,27.074,1.0,0.036
680,raopura_e,2,9.507,1.0,0.053
680,raopura_w,2,28.9,0.0,0.053
680,rcdutt_e,3,41.636,0.0,0.026
680,rcdutt_w,0,50.004,0.0,0.0
690,dandia_e,3,16.344,8.0,0.088
690,dandia_w,7,13.164,7.0,0.161
690,gotri_n,2,47.416,0.0,0.01
690,gotri_s,2,47.019,0.0,0.01
690,jetalpur_e,9,33.384,0.0,0.115
690,jetalpur_w,4,44.263,0.0,0.05
690,manjalpur_n,2,39.974,0.0,0.028
690,manjalpur_s,6,38.733,0.0,0.084
690,natubhai_loop,1,27.377,0.0,0.164
690,newsama_e,2,48.517,0.0,0.027
690,newsama_w,0,50.004,0.0,0.0
690,oldpadra_n,2,46.01,0.0,0.019
690,oldpadra_s,1,46.641,0.0,0.009
690,racecourse_n,0,50.004,0.0,0.0
690,racecourse_s,0,50.004,0.0,0.0
690,raopura_e,1,33.492,0.0,0.004
690,raopura_w,2,36.375,0.0,0.053
690,rcdutt_e,5,19.777,7.0,0.043
690,rcdutt_w,0,50.004,0.0,0.0
700,dandia_e,2,40.093,0.0,0.043
700,dandia_w,1,35.433,0.0,0.026
700,gotri_n,6,44.856,0.0,0.029
700,gotri_s,5,47.133,0.0,0.025
700,jetalpur_e,5,31.888,0.0,0.065
700,jetalpur_w,0,50.004,0.0,0.0
700,manjalpur_n,0,39.996,0.0,0.0
700,manjalpur_s,3,35.388,0.0,0.042
700,natubhai_loop,1,0.0,7.0,0.164
700,newsama_e,1,48.849,0.0,0.013
700,newsama_w,0,50.004,0.0,0.0
700,oldpadra_n,3,45.571,0.0,0.028
700,oldpadra_s,5,47.168,0.0,0.047
700,racecourse_n,2,43.942,0.0,0.018
700,racecourse_s,0,50.004,0.0,0.0
700,raopura_e,2,36.883,0.0,0.053
700,raopura_w,3,37.276,0.0,0.07
700,rcdutt_e,5,18.911,36.0,0.043
700,rcdutt_w,6,46.768,0.0,0.051
710,dandia_e,1,41.833,0.0,0.026
710,dandia_w,0,39.996,0.0,0.0
710,gotri_n,9,44.723,0.0,0.044
710,gotri_s,5,43.707,0.0,0.025
710,jetalpur_e,2,47.615,0.0,0.033
710,jetalpur_w,0,50.004,0.0,0.0
710,manjalpur_n,1,35.829,0.0,0.014
710,manjalpur_s,4,37.794,0.0,0.056
710,natubhai_loop,1,0.0,17.0,0.164
710,newsama_e,1,48.935,0.0,0.013
710,newsama_w,0,50.004,0.0,0.0
710,oldpadra_n,3,42.837,0.0,0.028
710,oldpadra_s,6,46.222,0.0,0.057
710,racecourse_n,5,47.945,0.0,0.045
710,racecourse_s,0,50.004,0.0,0.0
710,raopura_e,2,39.352,0.0,0.053
710,raopura_w,1,34.831,0.0,0.027
710,rcdutt_e,9,18.347,70.0,0.077
710,rcdutt_w,7,45.174,0.0,0.06
720,dandia_e,3,29.666,4.0,0.078
720,dandia_w,2,27.665,0.0,0.052
720,gotri_n,11,45.019,0.0,0.054
720,gotri_s,3,47.755,0.0,0.018
720,jetalpur_e,1,48.818,0.0,0.013
720,jetalpur_w,0,50.004,0.0,0.0
720,manjalpur_n,3,35.963,0.0,0.042
720,manjalpur_s,3,35.957,0.0,0.042
720,natubhai_loop,0,29.988,0.0,0.0
720,newsama_e,1,48.815,0.0,0.013
720,newsama_w,0,50.004,0.0,0.0
720,oldpadra_n,1,44.28,0.0,0.009
720,oldpadra_s,1,44.3,0.0,0.009
720,racecourse_n,4,47.334,0.0,0.036
720,racecourse_s,2,45.34,0.0,0.018
720,raopura_e,3,33.422,0.0,0.08
720,raopura_w,0,39.996,0.0,0.0
720,rcdutt_e,7,34.232,0.0,0.067
720,rcdutt_w,4,39.206,0.0,0.034
730,dandia_e,3,9.999,26.0,0.078
730,dandia_w,2,38.222,0.0,0.06
730,gotri_n,9,45.089,0.0,0.044
730,gotri_s,5,45.791,0.0,0.025
730,jetalpur_e,5,36.961,4.0,0.063
730,jetalpur_w,0,50.004,0.0,0.0
730,manjalpur_n,4,14.457,4.0,0.056
730,manjalpur_s,3,35.031,0.0,0.042
730,natubhai_loop,0,29.988,0.0,0.0
730,newsama_e,2,46.765,0.0,0.027
730,newsama_w,2,46.99,0.0,0.027
730,oldpadra_n,0,50.004,0.0,0.0
730,oldpadra_s,1,48.368,0.0,0.009
730,racecourse_n,0,50.004,0.0,0.0
730,racecourse_s,7,45.916,0.0,0.062
730,raopura_e,2,2.179,0.0,0.054
730,raopura_w,0,39.996,0.0,0.0
730,rcdutt_e,3,44.164,0.0,0.026
730,rcdutt_w,0,50.004,0.0,0.0
740,dandia_e,5,14.957,44.0,0.13
740,dandia_w,0,39.996,0.0,0.0
740,gotri_n,5,41.966,0.0,0.025
740,gotri_s,2,47.057,0.0,0.01
740,jetalpur_e,8,28.046,14.0,0.101
740,jetalpur_w,5,43.675,0.0,0.063
740,manjalpur_n,6,17.028,31.0,0.084
740,manjalpur_s,2,37.54,0.0,0.028
740,natubhai_loop,0,29.988,0.0,0.0
740,newsama_e,0,50.004,0.0,0.0
740,newsama_w,3,47.106,0.0,0.04
740,oldpadra_n,0,50.004,0.0,0.0
740,oldpadra_s,2,45.712,0.0,0.019
740,racecourse_n,4,44.507,0.0,0.036
740,racecourse_s,8,45.105,0.0,0.071
740,raopura_e,0,39.996,0.0,0.0
740,raopura_w,2,20.328,0.0,0.053
740,rcdutt_e,0,50.004,0.0,0.0
740,rcdutt_w,0,50.004,0.0,0.0
750,dandia_e,6,5.131,98.0,0.156
750,dandia_w,0,39.996,0.0,0.0
750,gotri_n,4,40.14,0.0,0.02
750,gotri_s,5,45.136,0.0,0.025
750,jetalpur_e,11,15.144,61.0,0.138
750,jetalpur_w,5,8.073,6.0,0.063
750,manjalpur_n,6,0.442,78.0,0.084
750,manjalpur_s,1,40.071,0.0,0.014
750,natubhai_loop,0,29.988,0.0,0.0
750,newsama_e,0,50.004,0.0,0.0
750,newsama_w,2,16.669,9.0,0.027
750,oldpadra_n,1,49.646,0.0,0.009
750,oldpadra_s,3,44.962,0.0,0.028
750,racecourse_n,4,44.606,0.0,0.036
750,racecourse_s,5,29.564,0.0,0.045
750,raopura_e,2,33.942,0.0,0.053
750,raopura_w,3,11.427,20.0,0.08
750,rcdutt_e,0,50.004,0.0,0.0
750,rcdutt_w,0,50.004,0.0,0.0
760,dandia_e,6,12.161,1.0,0.166
760,dandia_w,2,38.159,0.0,0.041
760,gotri_n,1,47.623,0.0,0.005
760,gotri_s,7,37.356,0.0,0.035
760,jetalpur_e,9,10.032,23.0,0.105
760,jetalpur_w,2,32.419,0.0,0.025
760,manjalpur_n,3,17.437,0.0,0.042
760,manjalpur_s,4,34.978,0.0,0.056
760,natubhai_loop,0,29.988,0.0,0.0
760,newsama_e,1,39.862,0.0,0.006
760,newsama_w,0,50.004,0.0,0.0
760,oldpadra_n,1,47.997,0.0,0.009
760,oldpadra_s,2,47.707,0.0,0.019
760,racecourse_n,0,50.004,0.0,0.0
760,racecourse_s,2,45.948,0.0,0.018
760,raopura_e,2,32.625,0.0,0.053
760,raopura_w,0,39.996,0.0,0.0
760,rcdutt_e,6,39.943,0.0,0.051
760,rcdutt_w,0,50.004,0.0,0.0
770,dandia_e,4,33.797,0.0,0.104
770,dandia_w,3,17.44,5.0,0.078
770,gotri_n,7,41.83,0.0,0.035
770,gotri_s,7,31.587,30.0,0.035
770,jetalpur_e,6,23.825,0.0,0.076
770,jetalpur_w,0,50.004,0.0,0.0
770,manjalpur_n,1,37.44,0.0,0.014
770,manjalpur_s,2,35.712,0.0,0.028
770,natubhai_loop,0,29.988,0.0,0.0
770,newsama_e,1,49.195,0.0,0.013
770,newsama_w,0,50.004,0.0,0.0
770,oldpadra_n,2,47.018,0.0,0.019
770,oldpadra_s,4,43.152,0.0,0.038
770,racecourse_n,4,40.883,0.0,0.027
770,racecourse_s,0,50.004,0.0,0.0
770,raopura_e,9,9.528,18.0,0.24
770,raopura_w,0,39.996,0.0,0.0
770,rcdutt_e,10,34.415,4.0,0.086
770,rcdutt_w,4,45.472,0.0,0.034
780,dandia_e,1,36.768,0.0,0.026
780,dandia_w,0,39.996,0.0,0.0
780,gotri_n,9,42.454,0.0,0.044
780,gotri_s,9,20.847,65.0,0.044
780,jetalpur_e,4,40.061,0.0,0.05
780,jetalpur_w,1,49.519,0.0,0.013
780,manjalpur_n,2,38.034,0.0,0.028
780,manjalpur_s,0,39.996,0.0,0.0
780,natubhai_loop,0,29.988,0.0,0.0
780,newsama_e,2,47.791,0.0,0.027
780,newsama_w,2,44.299,0.0,0.027
780,oldpadra_n,1,45.216,0.0,0.009
780,oldpadra_s,5,44.65,0.0,0.047
780,racecourse_n,6,44.675,0.0,0.056
780,racecourse_s,2,47.051,0.0,0.018
780,raopura_e,7,12.579,0.0,0.193
780,raopura_w,2,39.59,0.0,0.053
780,rcdutt_e,10,11.549,34.0,0.086
780,rcdutt_w,6,47.734,0.0,0.051
790,dandia_e,2,38.079,0.0,0.052
790,dandia_w,0,39.996,0.0,0.0
790,gotri_n,11,44.254,0.0,0.054
790,gotri_s,12,24.085,115.0,0.059
790,jetalpur_e,4,39.75,0.0,0.051
790,jetalpur_w,0,50.004,0.0,0.0
790,manjalpur_n,2,39.04,0.0,0.028
790,manjalpur_s,2,38.998,0.0,0.028
790,natubhai_loop,0,29.988,0.0,0.0
790,newsama_e,1,47.424,0.0,0.013
790,newsama_w,3,46.866,0.0,0.04
790,oldpadra_n,1,46.196,0.0,0.009
790,oldpadra_s,3,38.13,0.0,0.028
790,racecourse_n,8,45.107,0.0,0.071
790,racecourse_s,2,46.258,0.0,0.018
790,raopura_e,2,20.854,0.0,0.053
790,raopura_w,0,39.996,0.0,0.0
790,rcdutt_e,11,7.02,111.0,0.094
790,rcdutt_w,4,46.79,0.0,0.034
800,dandia_e,4,11.56,9.0,0.104
800,dandia_w,2,40.511,0.0,0.052
800,gotri_n,10,43.26,0.0,0.049
800,gotri_s,7,45.427,0.0,0.039
800,jetalpur_e,7,23.484,13.0,0.083
800,jetalpur_w,4,41.238,0.0,0.05
800,manjalpur_n,5,19.977,15.0,0.07
800,manjalpur_s,0,39.996,0.0,0.0
800,natubhai_loop,1,33.304,0.0,0.164
800,newsama_e,2,40.498,0.0,0.027
800,newsama_w,2,16.669,12.0,0.027
800,oldpadra_n,2,48.273,0.0,0.019
800,oldpadra_s,2,47.458,0.0,0.019
800,racecourse_n,6,46.207,0.0,0.053
800,racecourse_s,4,43.781,0.0,0.036
800,raopura_e,0,39.996,0.0,0.0
800,raopura_w,0,39.996,0.0,0.0
800,rcdutt_e,5,31.872,0.0,0.043
800,rcdutt_w,2,48.728,0.0,0.017
810,dandia_e,4,0.178,23.0,0.104
810,dandia_w,2,40.217,0.0,0.052
810,gotri_n,5,44.965,0.0,0.025
810,gotri_s,7,45.721,0.0,0.035
810,jetalpur_e,10,24.063,64.0,0.126
810,jetalpur_w,4,47.709,0.0,0.05
810,manjalpur_n,8,23.646,41.0,0.112
810,manjalpur_s,0,39.996,0.0,0.0
810,natubhai_loop,0,29.988,0.0,0.0
810,newsama_e,2,45.405,0.0,0.027
810,newsama_w,5,26.137,20.0,0.066
810,oldpadra_n,1,47.709,0.0,0.009
810,oldpadra_s,2,47.119,0.0,0.019
810,racecourse_n,2,42.001,0.0,0.018
810,racecourse_s,5,48.04,0.0,0.045
810,raopura_e,1,37.467,0.0,0.036
810,raopura_w,2,36.866,0.0,0.053
810,rcdutt_e,2,47.375,0.0,0.017
810,rcdutt_w,3,47.66,0.0,0.026
820,dandia_e,6,7.223,59.0,0.156
820,dandia_w,0,39.996,0.0,0.0
820,gotri_n,1,46.488,0.0,0.005
820,gotri_s,5,45.488,0.0,0.025
820,jetalpur_e,10,4.709,113.0,0.126
820,jetalpur_w,4,11.767,13.0,0.05
820,manjalpur_n,10,10.797,84.0,0.14
820,manjalpur_s,0,39.996,0.0,0.0
820,natubhai_loop,0,29.988,0.0,0.0
820,newsama_e,2,42.456,0.0,0.023
820,newsama_w,5,9.447,40.0,0.066
820,oldpadra_n,2,46.3,0.0,0.019
820,oldpadra_s,0,50.004,0.0,0.0
820,racecourse_n,1,38.198,0.0,0.009
820,racecourse_s,4,46.451,0.0,0.036
820,raopura_e,0,39.996,0.0,0.0
820,raopura_w,4,12.598,1.0,0.107
820,rcdutt_e,5,47.086,0.0,0.043
820,rcdutt_w,3,46.287,0.0,0.026
830,dandia_e,6,0.007,125.0,0.156
830,dandia_w,3,28.39,0.0,0.078
830,gotri_n,1,45.469,0.0,0.005
830,gotri_s,2,27.917,0.0,0.01
830,jetalpur_e,10,0.002,231.0,0.126
830,jetalpur_w,4,0.002,55.0,0.05
830,manjalpur_n,11,5.084,168.0,0.154
830,manjalpur_s,0,39.996,0.0,0.0
830,natubhai_loop,0,29.988,0.0,0.0
830,newsama_e,4,43.922,0.0,0.053
830,newsama_w,5,0.0,99.0,0.066
830,oldpadra_n,2,48.105,0.0,0.019
830,oldpadra_s,0,50.004,0.0,0.0
830,racecourse_n,1,48.245,0.0,0.009
830,racecourse_s,5,34.936,3.0,0.045
830,raopura_e,0,39.996,0.0,0.0
830,raopura_w,4,0.0,46.0,0.107
830,rcdutt_e,7,44.283,0.0,0.06
830,rcdutt_w,2,23.615,0.0,0.017
840,dandia_e,1,39.11,0.0,0.026
840,dandia_w,4,31.795,0.0,0.108
840,gotri_n,1,42.137,0.0,0.005
840,gotri_s,4,31.334,12.0,0.02
840,jetalpur_e,8,28.236,0.0,0.101
840,jetalpur_w,5,42.463,0.0,0.063
840,manjalpur_n,5,28.346,0.0,0.07
840,manjalpur_s,4,38.23,0.0,0.056
840,natubhai_loop,1,0.07,1.0,0.164
840,newsama_e,5,42.649,0.0,0.066
840,newsama_w,3,48.112,0.0,0.04
840,oldpadra_n,0,50.004,0.0,0.0
840,oldpadra_s,0,50.004,0.0,0.0
840,racecourse_n,0,50.004,0.0,0.0
840,racecourse_s,6,38.974,6.0,0.053
840,raopura_e,6,30.129,0.0,0.16
840,raopura_w,2,36.177,0.0,0.053
840,rcdutt_e,8,14.879,36.0,0.069
840,rcdutt_w,2,46.611,0.0,0.017
850,dandia_e,3,36.381,0.0,0.078
850,dandia_w,3,39.575,0.0,0.078
850,gotri_n,10,45.25,0.0,0.049
850,gotri_s,5,24.389,30.0,0.025
850,jetalpur_e,6,32.812,0.0,0.075
850,jetalpur_w,0,50.004,0.0,0.0
850,manjalpur_n,0,39.996,0.0,0.0
850,manjalpur_s,5,36.063,0.0,0.07
850,natubhai_loop,2,0.135,18.0,0.329
850,newsama_e,0,50.004,0.0,0.0
850,newsama_w,0,50.004,0.0,0.0
850,oldpadra_n,0,50.004,0.0,0.0
850,oldpadra_s,4,45.608,0.0,0.038
850,racecourse_n,1,46.94,0.0,0.009
850,racecourse_s,5,36.513,1.0,0.045
850,raopura_e,10,7.593,14.0,0.267
850,raopura_w,1,40.581,0.0,0.027
850,rcdutt_e,8,5.808,135.0,0.069
850,rcdutt_w,4,47.809,0.0,0.034
860,dandia_e,2,30.806,0.0,0.052
860,dandia_w,0,39.996,0.0,0.0
860,gotri_n,14,46.029,0.0,0.069
860,gotri_s,5,24.442,50.0,0.025
860,jetalpur_e,4,46.474,0.0,0.05
860,jetalpur_w,0,50.004,0.0,0.0
860,manjalpur_n,2,40.286,0.0,0.028
860,manjalpur_s,8,39.664,0.0,0.112
860,natubhai_loop,2,0.0,38.0,0.329
860,newsama_e,0,50.004,0.0,0.0
860,newsama_w,0,50.004,0.0,0.0
860,oldpadra_n,0,50.004,0.0,0.0
860,oldpadra_s,4,47.513,0.0,0.038
860,racecourse_n,1,48.904,0.0,0.009
860,racecourse_s,8,37.41,11.0,0.071
860,raopura_e,10,9.208,7.0,0.267
860,raopura_w,2,40.754,0.0,0.053
860,rcdutt_e,10,9.055,209.0,0.086
860,rcdutt_w,3,46.775,0.0,0.026
870,dandia_e,2,33.587,0.0,0.052
870,dandia_w,2,35.596,0.0,0.052
870,gotri_n,15,46.222,0.0,0.074
870,gotri_s,3,42.293,0.0,0.015
870,jetalpur_e,6,26.534,8.0,0.075
870,jetalpur_w,1,46.752,0.0,0.013
870,manjalpur_n,4,29.136,1.0,0.056
870,manjalpur_s,0,39.996,0.0,0.0
870,natubhai_loop,0,29.988,0.0,0.0
870,newsama_e,1,49.022,0.0,0.013
870,newsama_w,3,45.707,0.0,0.04
870,oldpadra_n,0,50.004,0.0,0.0
870,oldpadra_s,7,47.215,0.0,0.066
870,racecourse_n,3,45.444,0.0,0.027
870,racecourse_s,10,23.772,43.0,0.089
870,raopura_e,9,18.111,0.0,0.24
870,raopura_w,3,0.727,10.0,0.08
870,rcdutt_e,4,31.461,0.0,0.041
870,rcdutt_w,2,45.268,0.0,0.017
880,dandia_e,5,16.789,20.0,0.13
880,dandia_w,7,15.882,8.0,0.178
880,gotri_n,10,46.078,0.0,0.049
880,gotri_s,4,44.576,0.0,0.02
880,jetalpur_e,8,9.669,55.0,0.101
880,jetalpur_w,1,34.265,0.0,0.013
880,manjalpur_n,4,16.786,23.0,0.056
880,manjalpur_s,0,39.996,0.0,0.0
880,natubhai_loop,0,29.988,0.0,0.11
880,newsama_e,2,42.438,0.0,0.027
880,newsama_w,1,25.17,1.0,0.013
880,oldpadra_n,0,50.004,0.0,0.0
880,oldpadra_s,4,47.695,0.0,0.038
880,racecourse_n,3,46.582,0.0,0.027
880,racecourse_s,5,39.108,0.0,0.045
880,raopura_e,9,0.926,73.0,0.24
880,raopura_w,6,13.495,48.0,0.16
880,rcdutt_e,4,44.094,0.0,0.034
880,rcdutt_w,1,43.657,0.0,0.009
890,dandia_e,11,12.329,35.0,0.286
890,dandia_w,1,34.871,0.0,0.026
890,gotri_n,4,47.515,0.0,0.02
890,gotri_s,3,46.422,0.0,0.015
890,jetalpur_e,8,11.63,105.0,0.101
890,jetalpur_w,2,29.29,8.0,0.025
890,manjalpur_n,4,7.999,59.0,0.056
890,manjalpur_s,0,39.996,0.0,0.0
890,natubhai_loop,0,29.988,0.0,0.0
890,newsama_e,0,50.004,0.0,0.0
890,newsama_w,1,25.002,11.0,0.013
890,oldpadra_n,0,50.004,0.0,0.0
890,oldpadra_s,0,50.004,0.0,0.0
890,racecourse_n,1,39.953,0.0,0.009
890,racecourse_s,4,35.268,0.0,0.028
890,raopura_e,5,3.976,6.0,0.134
890,raopura_w,11,17.304,100.0,0.293
890,rcdutt_e,4,41.839,0.0,0.034
890,rcdutt_w,0,50.004,0.0,0.0
900,dandia_e,13,2.938,118.0,0.337
900,dandia_w,2,30.161,0.0,0.052
900,gotri_n,2,47.551,0.0,0.01
900,gotri_s,2,47.03,0.0,0.01
900,jetalpur_e,7,11.709,159.0,0.088
900,jetalpur_w,2,29.765,18.0,0.025
900,manjalpur_n,4,0.088,49.0,0.056
900,manjalpur_s,0,39.996,0.0,0.0
900,natubhai_loop,0,29.988,0.0,0.0
900,newsama_e,1,48.136,0.0,0.013
900,newsama_w,1,25.002,21.0,0.013
900,oldpadra_n,1,49.614,0.0,0.009
900,oldpadra_s,0,50.004,0.0,0.0
900,racecourse_n,3,41.116,0.0,0.027
900,racecourse_s,3,34.113,0.0,0.027
900,raopura_e,2,23.214,0.0,0.053
900,raopura_w,12,0.162,186.0,0.32
900,rcdutt_e,3,41.975,0.0,0.026
900,rcdutt_w,0,50.004,0.0,0.0
910,dandia_e,12,5.27,1.0,0.306
910,dandia_w,2,36.852,0.0,0.052
910,gotri_n,3,41.6,0.0,0.015
910,gotri_s,4,37.139,0.0,0.02
910,jetalpur_e,8,26.255,0.0,0.112
910,jetalpur_w,1,49.945,0.0,0.013
910,manjalpur_n,1,40.644,0.0,0.014
910,manjalpur_s,6,38.63,0.0,0.084
910,natubhai_loop,0,29.988,0.0,0.0
910,newsama_e,0,50.004,0.0,0.0
910,newsama_w,0,50.004,0.0,0.0
910,oldpadra_n,4,46.488,0.0,0.038
910,oldpadra_s,0,50.004,0.0,0.0
910,racecourse_n,5,43.017,0.0,0.045
910,racecourse_s,1,43.33,0.0,0.009
910,raopura_e,4,35.495,0.0,0.105
910,raopura_w,2,28.574,0.0,0.086
910,rcdutt_e,3,9.812,9.0,0.019
910,rcdutt_w,1,43.995,0.0,0.009
920,dandia_e,8,16.626,0.0,0.208
920,dandia_w,1,37.758,0.0,0.026
920,gotri_n,6,42.711,0.0,0.03
920,gotri_s,4,23.418,13.0,0.02
920,jetalpur_e,9,31.033,0.0,0.113
920,jetalpur_w,0,50.004,0.0,0.0
920,manjalpur_n,2,35.536,0.0,0.022
920,manjalpur_s,12,36.567,0.0,0.168
920,natubhai_loop,0,29.988,0.0,0.0
920,newsama_e,0,50.004,0.0,0.0
920,newsama_w,1,50.004,0.0,0.013
920,oldpadra_n,2,48.308,0.0,0.022
920,oldpadra_s,0,50.004,0.0,0.0
920,racecourse_n,6,44.947,0.0,0.053
920,racecourse_s,0,50.004,0.0,0.0
920,raopura_e,2,38.133,0.0,0.053
920,raopura_w,0,39.996,0.0,0.0
920,rcdutt_e,3,13.389,27.0,0.026
920,rcdutt_w,3,42.965,0.0,0.026
930,dandia_e,6,20.039,0.0,0.161
930,dandia_w,0,39.996,0.0,0.0
930,gotri_n,10,42.523,0.0,0.049
930,gotri_s,4,23.211,33.0,0.02
930,jetalpur_e,6,25.657,0.0,0.075
930,jetalpur_w,0,50.004,0.0,0.0
930,manjalpur_n,5,38.849,0.0,0.07
930,manjalpur_s,6,36.126,0.0,0.084
930,natubhai_loop,0,29.988,0.0,0.0
930,newsama_e,0,50.004,0.0,0.0
930,newsama_w,2,48.1,0.0,0.027
930,oldpadra_n,0,50.004,0.0,0.0
930,oldpadra_s,3,47.506,0.0,0.028
930,racecourse_n,10,42.764,0.0,0.089
930,racecourse_s,2,44.453,0.0,0.018
930,raopura_e,0,39.996,0.0,0.0
930,raopura_w,0,39.996,0.0,0.0
930,rcdutt_e,3,13.551,47.0,0.026
930,rcdutt_w,7,42.937,0.0,0.06
940,dandia_e,1,34.715,0.0,0.037
940,dandia_w,0,39.996,0.0,0.0
940,gotri_n,12,42.225,0.0,0.057
940,gotri_s,4,23.542,53.0,0.02
940,jetalpur_e,7,23.521,1.0,0.083
940,jetalpur_w,1,48.029,0.0,0.013
940,manjalpur_n,4,34.547,0.0,0.061
940,manjalpur_s,0,39.996,0.0,0.0
940,natubhai_loop,0,29.988,0.0,0.0
940,newsama_e,0,50.004,0.0,0.0
940,newsama_w,2,46.607,0.0,0.027
940,oldpadra_n,2,46.702,0.0,0.019
940,oldpadra_s,9,45.885,0.0,0.085
940,racecourse_n,4,45.329,0.0,0.038
940,racecourse_s,3,44.99,0.0,0.027
940,raopura_e,2,34.432,0.0,0.053
940,raopura_w,0,39.996,0.0,0.0
940,rcdutt_e,4,22.29,67.0,0.034
940,rcdutt_w,8,44.911,0.0,0.069
950,dandia_e,3,27.833,11.0,0.078
950,dandia_w,0,39.996,0.0,0.0
950,gotri_n,10,44.78,0.0,0.049
950,gotri_s,0,50.004,0.0,0.0
950,jetalpur_e,9,10.777,36.0,0.113
950,jetalpur_w,2,46.261,0.0,0.025
950,manjalpur_n,5,14.781,12.0,0.07
950,manjalpur_s,1,42.947,0.0,0.014
950,natubhai_loop,0,29.988,0.0,0.0
950,newsama_e,2,46.567,0.0,0.027
950,newsama_w,3,25.665,7.0,0.04
950,oldpadra_n,2,42.977,0.0,0.019
950,oldpadra_s,3,43.454,0.0,0.028
950,racecourse_n,1,48.062,0.0,0.009
950,racecourse_s,7,42.768,0.0,0.056
950,raopura_e,3,0.06,10.0,0.08
950,raopura_w,0,39.996,0.0,0.0
950,rcdutt_e,6,45.619,0.0,0.051
950,rcdutt_w,4,47.987,0.0,0.034
960,dandia_e,6,19.397,25.0,0.156
960,dandia_w,1,34.825,0.0,0.026
960,gotri_n,7,45.939,0.0,0.035
960,gotri_s,0,50.004,0.0,0.0
960,jetalpur_e,9,2.553,103.0,0.113
960,jetalpur_w,2,8.248,0.0,0.025
960,manjalpur_n,5,14.526,18.0,0.07
960,manjalpur_s,1,43.862,0.0,0.014
960,natubhai_loop,0,29.988,0.0,0.0
960,newsama_e,1,47.762,0.0,0.013
960,newsama_w,5,14.347,28.0,0.066
960,oldpadra_n,2,46.164,0.0,0.019
960,oldpadra_s,0,50.004,0.0,0.0
960,racecourse_n,1,48.105,0.0,0.009
960,racecourse_s,9,44.791,0.0,0.08
960,raopura_e,0,39.996,0.0,0.0
960,raopura_w,0,39.996,0.0,0.0
960,rcdutt_e,4,45.471,0.0,0.034
960,rcdutt_w,1,47.807,0.0,0.014
970,dandia_e,7,5.147,86.0,0.182
970,dandia_w,0,39.996,0.0,0.0
970,gotri_n,2,47.388,0.0,0.01
970,gotri_s,2,45.914,0.0,0.01
970,jetalpur_e,12,11.725,215.0,0.151
970,jetalpur_w,2,0.0,24.0,0.025
970,manjalpur_n,7,10.927,56.0,0.098
970,manjalpur_s,0,39.996,0.0,0.0
970,natubhai_loop,0,29.988,0.0,0.0
970,newsama_e,0,50.004,0.0,0.0
970,newsama_w,5,14.269,67.0,0.066
970,oldpadra_n,2,47.9,0.0,0.019
970,oldpadra_s,1,48.869,0.0,0.009
970,racecourse_n,0,50.004,0.0,0.0
970,racecourse_s,8,43.761,0.0,0.068
970,raopura_e,0,39.996,0.0,0.0
970,raopura_w,3,24.057,1.0,0.08
970,rcdutt_e,3,40.988,0.0,0.026
970,rcdutt_w,0,50.004,0.0,0.0
980,dandia_e,8,0.061,111.0,0.208
980,dandia_w,0,39.996,0.0,0.0
980,gotri_n,0,50.004,0.0,0.0
980,gotri_s,6,40.897,0.0,0.03
980,jetalpur_e,12,0.051,310.0,0.151
980,jetalpur_w,2,0.0,44.0,0.025
980,manjalpur_n,7,9.727,98.0,0.098
980,manjalpur_s,0,39.996,0.0,0.0
980,natubhai_loop,0,29.988,0.0,0.0
980,newsama_e,0,50.004,0.0,0.0
980,newsama_w,5,0.0,110.0,0.066
980,oldpadra_n,3,32.391,0.0,0.028
980,oldpadra_s,0,50.004,0.0,0.0
980,racecourse_n,0,50.004,0.0,0.0
980,racecourse_s,6,44.771,0.0,0.053
980,raopura_e,0,39.996,0.0,0.0
980,raopura_w,4,5.252,15.0,0.087
980,rcdutt_e,3,36.87,0.0,0.026
980,rcdutt_w,0,50.004,0.0,0.0
990,dandia_e,0,39.996,0.0,0.0
990,dandia_w,1,23.064,0.0,0.026
990,gotri_n,5,40.787,0.0,0.025
990,gotri_s,7,45.009,0.0,0.035
990,jetalpur_e,10,28.873,0.0,0.13
990,jetalpur_w,3,46.381,0.0,0.038
990,manjalpur_n,2,41.173,0.0,0.028
990,manjalpur_s,4,36.277,0.0,0.056
990,natubhai_loop,0,29.988,0.0,0.0
990,newsama_e,3,38.734,0.0,0.04
990,newsama_w,1,46.71,0.0,0.013
990,oldpadra_n,4,45.494,0.0,0.038
990,oldpadra_s,0,50.004,0.0,0.0
990,racecourse_n,0,50.004,0.0,0.0
990,racecourse_s,6,25.356,6.0,0.053
990,raopura_e,5,27.572,0.0,0.133
990,raopura_w,1,39.079,0.0,0.027
990,rcdutt_e,3,0.086,21.0,0.026
990,rcdutt_w,2,40.735,0.0,0.017
1000,dandia_e,2,37.947,0.0,0.052
1000,dandia_w,3,33.944,0.0,0.078
1000,gotri_n,12,42.408,0.0,0.059
1000,gotri_s,8,33.431,8.0,0.04
1000,jetalpur_e,0,50.004,0.0,0.0
1000,jetalpur_w,1,47.613,0.0,0.013
1000,manjalpur_n,2,44.898,0.0,0.028
1000,manjalpur_s,1,39.115,0.0,0.021
1000,natubhai_loop,2,0.001,11.0,0.329
1000,newsama_e,4,47.666,0.0,0.053
1000,newsama_w,0,50.004,0.0,0.0
1000,oldpadra_n,2,47.481,0.0,0.019
1000,oldpadra_s,3,42.169,0.0,0.024
1000,racecourse_n,2,43.816,0.0,0.018
1000,racecourse_s,8,32.767,13.0,0.071
1000,raopura_e,5,17.283,0.0,0.133
1000,raopura_w,1,36.5,0.0,0.027
1000,rcdutt_e,6,23.161,69.0,0.051
1000,rcdutt_w,4,44.9,0.0,0.034
1010,dandia_e,4,31.744,0.0,0.104
1010,dandia_w,1,35.037,0.0,0.026
1010,gotri_n,13,42.424,0.0,0.064
1010,gotri_s,12,22.56,57.0,0.059
1010,jetalpur_e,3,45.325,0.0,0.038
1010,jetalpur_w,0,50.004,0.0,0.0
1010,manjalpur_n,3,38.862,0.0,0.042
1010,manjalpur_s,1,37.69,0.0,0.014
1010,natubhai_loop,2,0.0,37.0,0.329
1010,newsama_e,0,50.004,0.0,0.0
1010,newsama_w,0,50.004,0.0,0.0
1010,oldpadra_n,0,50.004,0.0,0.0
1010,oldpadra_s,3,44.268,0.0,0.028
1010,racecourse_n,1,47.31,0.0,0.009
1010,racecourse_s,11,33.328,7.0,0.098
1010,raopura_e,7,4.044,6.0,0.187
1010,raopura_w,2,34.606,0.0,0.053
1010,rcdutt_e,6,9.954,109.0,0.051
1010,rcdutt_w,2,35.184,0.0,0.017
1020,dandia_e,6,12.274,23.0,0.156
1020,dandia_w,4,32.715,0.0,0.104
1020,gotri_n,8,45.057,0.0,0.04
1020,gotri_s,5,46.703,0.0,0.025
1020,jetalpur_e,5,22.547,12.0,0.063
1020,jetalpur_w,5,42.768,0.0,0.063
1020,manjalpur_n,4,23.786,10.0,0.056
1020,manjalpur_s,1,36.279,0.0,0.014
1020,natubhai_loop,0,29.988,0.0,0.0
1020,newsama_e,2,46.705,0.0,0.027
1020,newsama_w,5,45.319,0.0,0.066
1020,oldpadra_n,2,43.481,0.0,0.019
1020,oldpadra_s,1,48.553,0.0,0.009
1020,racecourse_n,4,42.278,0.0,0.036
1020,racecourse_s,12,14.494,55.0,0.107
1020,raopura_e,6,16.136,0.0,0.16
1020,raopura_w,3,0.066,7.0,0.08
1020,rcdutt_e,0,50.004,0.0,0.0
1020,rcdutt_w,1,48.69,0.0,0.009
1030,dandia_e,6,0.0,90.0,0.156
1030,dandia_w,4,0.001,26.0,0.104
1030,gotri_n,2,41.35,0.0,0.01
1030,gotri_s,5,46.356,0.0,0.025
1030,jetalpur_e,7,15.462,53.0,0.088
1030,jetalpur_w,6,18.358,7.0,0.075
1030,manjalpur_n,5,7.372,26.0,0.07
1030,manjalpur_s,1,41.672,0.0,0.014
1030,natubhai_loop,2,14.605,0.0,0.44
1030,newsama_e,1,46.844,0.0,0.013
1030,newsama_w,6,8.324,17.0,0.08
1030,oldpadra_n,2,45.141,0.0,0.019
1030,oldpadra_s,1,45.587,0.0,0.009
1030,racecourse_n,3,41.797,0.0,0.027
1030,racecourse_s,10,22.787,0.0,0.089
1030,raopura_e,7,3.823,55.0,0.187
1030,raopura_w,3,0.0,46.0,0.08
1030,rcdutt_e,3,34.556,0.0,0.026
1030,rcdutt_w,0,50.004,0.0,0.0
1040,dandia_e,12,8.755,168.0,0.312
1040,dandia_w,0,39.996,0.0,0.0
1040,gotri_n,0,50.004,0.0,0.0
1040,gotri_s,5,45.596,0.0,0.025
1040,jetalpur_e,7,0.0,130.0,0.088
1040,jetalpur_w,10,17.541,70.0,0.126
1040,manjalpur_n,7,10.197,86.0,0.098
1040,manjalpur_s,1,39.765,0.0,0.014
1040,natubhai_loop,0,29.988,0.0,0.0
1040,newsama_e,0,50.004,0.0,0.0
1040,newsama_w,6,0.854,81.0,0.08
1040,oldpadra_n,2,48.855,0.0,0.019
1040,oldpadra_s,0,50.004,0.0,0.0
1040,racecourse_n,1,45.271,0.0,0.009
1040,racecourse_s,7,14.215,4.0,0.062
1040,raopura_e,7,9.411,6.0,0.187
1040,raopura_w,7,14.907,85.0,0.187
1040,rcdutt_e,4,46.022,0.0,0.034
1040,rcdutt_w,0,50.004,0.0,0.0
1050,dandia_e,11,12.11,10.0,0.293
1050,dandia_w,5,34.118,0.0,0.108
1050,gotri_n,1,40.391,0.0,0.005
1050,gotri_s,5,46.574,0.0,0.025
1050,jetalpur_e,7,18.852,3.0,0.086
1050,jetalpur_w,7,27.122,0.0,0.094
1050,manjalpur_n,4,23.35,0.0,0.05
1050,manjalpur_s,4,35.383,0.0,0.052
1050,natubhai_loop,0,29.988,0.0,0.0
1050,newsama_e,2,43.718,0.0,0.027
1050,newsama_w,2,39.388,0.0,0.029
1050,oldpadra_n,1,49.656,0.0,0.017
1050,oldpadra_s,1,46.669,0.0,0.009
1050,racecourse_n,1,49.318,0.0,0.009
1050,racecourse_s,0,50.004,0.0,0.0
1050,raopura_e,10,8.099,70.0,0.256
1050,raopura_w,3,32.771,0.0,0.08
1050,rcdutt_e,4,24.431,3.0,0.034
1050,rcdutt_w,1,44.627,0.0,0.009
1060,dandia_e,13,15.806,3.0,0.347
1060,dandia_w,5,36.252,0.0,0.13
1060,gotri_n,7,44.924,0.0,0.03
1060,gotri_s,5,37.877,1.0,0.025
1060,jetalpur_e,8,41.049,0.0,0.101
1060,jetalpur_w,3,45.973,0.0,0.038
1060,manjalpur_n,5,38.293,0.0,0.07
1060,manjalpur_s,8,35.922,0.0,0.112
1060,natubhai_loop,0,29.988,0.0,0.0
1060,newsama_e,2,45.519,0.0,0.027
1060,newsama_w,5,44.507,0.0,0.066
1060,oldpadra_n,0,50.004,0.0,0.0
1060,oldpadra_s,1,47.848,0.0,0.009
1060,racecourse_n,4,46.714,0.0,0.036
1060,racecourse_s,0,50.004,0.0,0.0
1060,raopura_e,7,20.265,0.0,0.187
1060,raopura_w,1,37.449,0.0,0.022
1060,rcdutt_e,4,10.796,24.0,0.034
1060,rcdutt_w,4,45.812,0.0,0.034
1070,dandia_e,13,6.701,36.0,0.337
1070,dandia_w,3,34.595,0.0,0.094
1070,gotri_n,7,44.463,0.0,0.035
1070,gotri_s,7,31.292,11.0,0.035
1070,jetalpur_e,6,21.947,4.0,0.076
1070,jetalpur_w,2,48.79,0.0,0.025
1070,manjalpur_n,4,34.838,0.0,0.056
1070,manjalpur_s,5,33.34,0.0,0.07
1070,natubhai_loop,0,29.988,0.0,0.0
1070,newsama_e,1,47.065,0.0,0.013
1070,newsama_w,5,43.837,0.0,0.066
1070,oldpadra_n,0,50.004,0.0,0.0
1070,oldpadra_s,2,46.751,0.0,0.019
1070,racecourse_n,6,41.375,0.0,0.053
1070,racecourse_s,2,47.854,0.0,0.018
1070,raopura_e,4,28.362,0.0,0.107
1070,raopura_w,4,34.045,0.0,0.107
1070,rcdutt_e,8,13.037,55.0,0.069
1070,rcdutt_w,4,46.594,0.0,0.034
1080,dandia_e,8,15.722,0.0,0.208
1080,dandia_w,0,39.996,0.0,0.0
1080,gotri_n,7,47.412,0.0,0.035
1080,gotri_s,8,16.025,43.0,0.04
1080,jetalpur_e,5,16.606,32.0,0.063
1080,jetalpur_w,6,43.055,0.0,0.065
1080,manjalpur_n,1,39.578,0.0,0.014
1080,manjalpur_s,6,33.99,0.0,0.084
1080,natubhai_loop,0,29.988,0.0,0.0
1080,newsama_e,3,43.243,0.0,0.04
1080,newsama_w,1,48.223,0.0,0.013
1080,oldpadra_n,2,45.906,0.0,0.019
1080,oldpadra_s,6,45.466,0.0,0.057
1080,racecourse_n,5,41.552,0.0,0.045
1080,racecourse_s,5,41.87,0.0,0.038
1080,raopura_e,8,17.347,5.0,0.213
1080,raopura_w,3,34.554,0.0,0.08
1080,rcdutt_e,10,23.907,95.0,0.086
1080,rcdutt_w,4,39.715,0.0,0.028
1090,dandia_e,9,13.849,7.0,0.234
1090,dandia_w,1,31.773,0.0,0.026
1090,gotri_n,5,43.153,0.0,0.025
1090,gotri_s,5,38.024,0.0,0.026
1090,jetalpur_e,8,15.886,6.0,0.101
1090,jetalpur_w,4,32.942,0.0,0.05
1090,manjalpur_n,0,39.996,0.0,0.0
1090,manjalpur_s,3,34.8,0.0,0.042
1090,natubhai_loop,0,29.988,0.0,0.0
1090,newsama_e,3,33.161,0.0,0.04
1090,newsama_w,1,48.419,0.0,0.013
1090,oldpadra_n,2,49.127,0.0,0.019
1090,oldpadra_s,5,40.487,0.0,0.047
1090,racecourse_n,3,42.342,0.0,0.027
1090,racecourse_s,7,32.994,13.0,0.062
1090,raopura_e,6,16.586,0.0,0.16
1090,raopura_w,3,0.004,13.0,0.08
1090,rcdutt_e,10,31.825,0.0,0.086
1090,rcdutt_w,12,44.444,0.0,0.103
1100,dandia_e,10,2.862,59.0,0.26
1100,dandia_w,2,38.413,0.0,0.052
1100,gotri_n,2,47.694,0.0,0.01
1100,gotri_s,3,44.661,0.0,0.015
1100,jetalpur_e,14,18.497,80.0,0.176
1100,jetalpur_w,6,38.522,12.0,0.075
1100,manjalpur_n,2,41.101,0.0,0.028
1100,manjalpur_s,0,39.996,0.0,0.0
1100,natubhai_loop,0,29.988,0.0,0.0
1100,newsama_e,1,48.205,0.0,0.013
1100,newsama_w,1,50.004,0.0,0.013
1100,oldpadra_n,0,50.004,0.0,0.0
1100,oldpadra_s,6,41.977,0.0,0.057
1100,racecourse_n,1,46.347,0.0,0.009
1100,racecourse_s,5,40.127,0.0,0.04
1100,raopura_e,5,10.837,5.0,0.133
1100,raopura_w,6,8.271,53.0,0.16
1100,rcdutt_e,4,47.178,0.0,0.034
1100,rcdutt_w,11,42.497,0.0,0.094
1110,dandia_e,10,0.0,149.0,0.26
1110,dandia_w,2,29.065,0.0,0.052
1110,gotri_n,2,46.971,0.0,0.01
1110,gotri_s,3,45.782,0.0,0.015
1110,jetalpur_e,17,13.431,158.0,0.214
1110,jetalpur_w,7,10.496,36.0,0.088
1110,manjalpur_n,2,20.46,0.0,0.028
1110,manjalpur_s,0,39.996,0.0,0.0
1110,natubhai_loop,0,29.988,0.0,0.0
1110,newsama_e,2,45.309,0.0,0.027
1110,newsama_w,3,44.785,0.0,0.04
1110,oldpadra_n,0,50.004,0.0,0.0
1110,oldpadra_s,1,43.601,0.0,0.009
1110,racecourse_n,2,43.71,0.0,0.018
1110,racecourse_s,10,35.442,0.0,0.089
1110,raopura_e,5,18.126,1.0,0.133
1110,raopura_w,8,9.88,103.0,0.213
1110,rcdutt_e,2,44.028,0.0,0.017
1110,rcdutt_w,5,39.373,0.0,0.043
1120,dandia_e,14,0.022,291.0,0.363
1120,dandia_w,4,22.323,0.0,0.104
1120,gotri_n,1,48.704,0.0,0.005
1120,gotri_s,5,44.875,0.0,0.025
1120,jetalpur_e,18,3.604,333.0,0.226
1120,jetalpur_w,7,1.353,110.0,0.088
1120,manjalpur_n,2,0.0,25.0,0.028
1120,manjalpur_s,0,39.996,0.0,0.0
1120,natubhai_loop,0,29.988,0.0,0.0
1120,newsama_e,0,50.004,0.0,0.0
1120,newsama_w,4,11.072,12.0,0.053
1120,oldpadra_n,0,50.004,0.0,0.0
1120,oldpadra_s,0,50.004,0.0,0.0
1120,racecourse_n,7,39.625,0.0,0.056
1120,racecourse_s,15,27.886,33.0,0.134
1120,raopura_e,1,21.137,0.0,0.027
1120,raopura_w,8,0.0,198.0,0.213
1120,rcdutt_e,1,44.445,0.0,0.009
1120,rcdutt_w,3,44.598,0.0,0.026
1130,dandia_e,10,3.953,17.0,0.269
1130,dandia_w,8,34.167,0.0,0.208
1130,gotri_n,2,41.782,0.0,0.01
1130,gotri_s,5,46.59,0.0,0.025
1130,jetalpur_e,13,19.255,0.0,0.17
1130,jetalpur_w,4,48.183,0.0,0.05
1130,manjalpur_n,0,39.996,0.0,0.0
1130,manjalpur_s,8,34.127,0.0,0.112
1130,natubhai_loop,0,29.988,0.0,0.0
1130,newsama_e,4,43.984,0.0,0.053
1130,newsama_w,4,38.594,0.0,0.053
1130,oldpadra_n,2,46.137,0.0,0.019
1130,oldpadra_s,0,50.004,0.0,0.0
1130,racecourse_n,9,38.097,0.0,0.072
1130,racecourse_s,9,31.409,1.0,0.08
1130,raopura_e,3,33.302,0.0,0.08
1130,raopura_w,1,39.256,0.0,0.027
1130,rcdutt_e,2,10.666,2.0,0.012
1130,rcdutt_w,0,50.004,0.0,0.0
1140,dandia_e,10,7.064,90.0,0.24
1140,dandia_w,5,21.52,0.0,0.131
1140,gotri_n,8,44.051,0.0,0.04
1140,gotri_s,5,27.871,13.0,0.025
1140,jetalpur_e,10,25.505,0.0,0.126
1140,jetalpur_w,0,50.004,0.0,0.0
1140,manjalpur_n,2,37.657,0.0,0.018
1140,manjalpur_s,7,35.09,0.0,0.111
1140,natubhai_loop,0,29.988,0.0,0.0
1140,newsama_e,5,39.933,0.0,0.066
1140,newsama_w,4,36.944,0.0,0.053
1140,oldpadra_n,5,30.194,0.0,0.053
1140,oldpadra_s,1,45.806,0.0,0.0
1140,racecourse_n,6,44.476,0.0,0.066
1140,racecourse_s,9,34.67,4.0,0.08
1140,raopura_e,1,26.64,0.0,0.027
1140,raopura_w,3,36.516,0.0,0.095
1140,rcdutt_e,3,32.144,15.0,0.026
1140,rcdutt_w,2,48.683,0.0,0.017
1150,dandia_e,5,21.098,0.0,0.13
1150,dandia_w,1,19.998,5.0,0.026
1150,gotri_n,9,44.732,0.0,0.044
1150,gotri_s,7,19.48,47.0,0.035
1150,jetalpur_e,10,8.16,16.0,0.134
1150,jetalpur_w,5,39.207,0.0,0.063
1150,manjalpur_n,1,36.579,0.0,0.02
1150,manjalpur_s,4,40.396,0.0,0.056
1150,natubhai_loop,1,24.282,0.0,0.164
1150,newsama_e,0,50.004,0.0,0.0
1150,newsama_w,2,44.961,0.0,0.027
1150,oldpadra_n,8,42.216,0.0,0.076
1150,oldpadra_s,8,46.178,0.0,0.076
1150,racecourse_n,5,42.744,0.0,0.049
1150,racecourse_s,7,31.205,0.0,0.062
1150,raopura_e,0,39.996,0.0,0.0
1150,raopura_w,2,37.807,0.0,0.053
1150,rcdutt_e,11,27.623,28.0,0.092
1150,rcdutt_w,7,45.481,0.0,0.06
1160,dandia_e,6,17.258,16.0,0.156
1160,dandia_w,1,34.654,0.0,0.026
1160,gotri_n,8,43.618,0.0,0.04
1160,gotri_s,4,44.889,0.0,0.02
1160,jetalpur_e,12,11.733,19.0,0.151
1160,jetalpur_w,7,36.447,0.0,0.088
1160,manjalpur_n,8,14.83,9.0,0.112
1160,manjalpur_s,5,36.532,0.0,0.07
1160,natubhai_loop,0,29.988,0.0,0.0
1160,newsama_e,2,47.55,0.0,0.027
1160,newsama_w,1,48.634,0.0,0.013
1160,oldpadra_n,2,42.997,0.0,0.019
1160,oldpadra_s,2,48.216,0.0,0.019
1160,racecourse_n,1,48.81,0.0,0.009
1160,racecourse_s,9,35.393,16.0,0.08
1160,raopura_e,2,35.772,0.0,0.053
1160,raopura_w,4,8.66,9.0,0.107
1160,rcdutt_e,8,41.46,0.0,0.069
1160,rcdutt_w,13,42.875,0.0,0.111
1170,dandia_e,13,8.838,96.0,0.337
1170,dandia_w,1,38.883,0.0,0.026
1170,gotri_n,4,43.324,0.0,0.02
1170,gotri_s,5,42.627,0.0,0.025
1170,jetalpur_e,13,5.758,163.0,0.163
1170,jetalpur_w,8,6.344,55.0,0.101
1170,manjalpur_n,10,13.356,28.0,0.14
1170,manjalpur_s,0,39.996,0.0,0.004
1170,natubhai_loop,0,29.988,0.0,0.0
1170,newsama_e,0,50.004,0.0,0.0
1170,newsama_w,3,33.503,0.0,0.04
1170,oldpadra_n,0,50.004,0.0,0.0
1170,oldpadra_s,5,44.114,0.0,0.044
1170,racecourse_n,1,48.07,0.0,0.009
1170,racecourse_s,11,25.107,17.0,0.098
1170,raopura_e,0,39.996,0.0,0.0
1170,raopura_w,6,5.051,67.0,0.16
1170,rcdutt_e,4,42.859,0.0,0.034
1170,rcdutt_w,5,39.361,0.0,0.043
1180,dandia_e,14,1.13,258.0,0.363
1180,dandia_w,2,36.625,0.0,0.052
1180,gotri_n,1,46.373,0.0,0.005
1180,gotri_s,2,45.19,0.0,0.01
1180,jetalpur_e,12,5.643,323.0,0.151
1180,jetalpur_w,10,7.883,167.0,0.126
1180,manjalpur_n,10,0.279,158.0,0.14
1180,manjalpur_s,0,39.996,0.0,0.0
1180,natubhai_loop,0,29.988,0.0,0.0
1180,newsama_e,2,43.577,0.0,0.027
1180,newsama_w,3,12.501,41.0,0.04
1180,oldpadra_n,0,50.004,0.0,0.0
1180,oldpadra_s,1,44.678,0.0,0.009
1180,racecourse_n,0,50.004,0.0,0.0
1180,racecourse_s,12,32.927,8.0,0.107
1180,raopura_e,0,39.996,0.0,0.0
1180,raopura_w,9,4.283,161.0,0.24
1180,rcdutt_e,3,31.339,0.0,0.026
1180,rcdutt_w,0,50.004,0.0,0.0
1190,dandia_e,9,4.701,15.0,0.25
1190,dandia_w,8,36.097,0.0,0.228
1190,gotri_n,1,42.165,0.0,0.005
1190,gotri_s,3,14.753,12.0,0.015
1190,jetalpur_e,12,17.273,0.0,0.151
1190,jetalpur_w,5,42.251,0.0,0.063
1190,manjalpur_n,2,13.094,0.0,0.028
1190,manjalpur_s,8,34.291,0.0,0.111
1190,natubhai_loop,0,29.988,0.0,0.0
1190,newsama_e,0,50.004,0.0,0.0
1190,newsama_w,1,49.296,0.0,0.013
1190,oldpadra_n,0,50.004,0.0,0.0
1190,oldpadra_s,0,50.004,0.0,0.0
1190,racecourse_n,3,34.116,0.0,0.027
1190,racecourse_s,10,17.302,23.0,0.089
1190,raopura_e,8,22.602,0.0,0.196
1190,raopura_w,3,32.799,0.0,0.08
1190,rcdutt_e,5,31.972,14.0,0.043
1190,rcdutt_w,0,50.004,0.0,0.0
1200,dandia_e,7,14.68,0.0,0.168
1200,dandia_w,4,20.001,0.0,0.12
1200,gotri_n,5,46.547,0.0,0.025
1200,gotri_s,3,14.75,38.0,0.015
1200,jetalpur_e,10,28.392,1.0,0.126
1200,jetalpur_w,1,48.438,0.0,0.013
1200,manjalpur_n,0,39.996,0.0,0.0
1200,manjalpur_s,9,33.249,0.0,0.126
1200,natubhai_loop,0,29.988,0.0,0.0
1200,newsama_e,0,50.004,0.0,0.0
1200,newsama_w,1,46.156,0.0,0.013
1200,oldpadra_n,3,34.016,0.0,0.028
1200,oldpadra_s,1,49.023,0.0,0.009
1200,racecourse_n,7,42.999,0.0,0.062
1200,racecourse_s,7,22.581,8.0,0.062
1200,raopura_e,9,7.651,0.0,0.241
1200,raopura_w,2,32.536,0.0,0.053
1200,rcdutt_e,8,25.982,46.0,0.069
1200,rcdutt_w,6,46.44,0.0,0.051
1210,dandia_e,5,27.434,0.0,0.13
1210,dandia_w,0,39.996,0.0,0.0
1210,gotri_n,7,45.734,0.0,0.035
1210,gotri_s,3,14.339,64.0,0.015
1210,jetalpur_e,5,25.805,0.0,0.063
1210,jetalpur_w,2,47.32,0.0,0.025
1210,manjalpur_n,0,39.996,0.0,0.0
1210,manjalpur_s,5,37.395,0.0,0.07
1210,natubhai_loop,1,32.125,0.0,0.164
1210,newsama_e,4,40.525,0.0,0.053
1210,newsama_w,0,50.004,0.0,0.0
1210,oldpadra_n,6,42.266,0.0,0.057
1210,oldpadra_s,7,43.642,0.0,0.066
1210,racecourse_n,9,41.409,0.0,0.08
1210,racecourse_s,4,23.176,0.0,0.036
1210,raopura_e,8,5.359,8.0,0.213
1210,raopura_w,3,32.348,0.0,0.08
1210,rcdutt_e,12,23.958,104.0,0.103
1210,rcdutt_w,11,44.219,0.0,0.094
1220,dandia_e,5,11.348,11.0,0.13
1220,dandia_w,2,30.509,0.0,0.028
1220,gotri_n,9,46.875,0.0,0.044
1220,gotri_s,2,36.782,0.0,0.01
1220,jetalpur_e,7,28.443,10.0,0.088
1220,jetalpur_w,5,31.142,3.0,0.056
1220,manjalpur_n,4,32.939,0.0,0.056
1220,manjalpur_s,5,35.181,0.0,0.07
1220,natubhai_loop,0,29.988,0.0,0.0
1220,newsama_e,1,43.973,0.0,0.013
1220,newsama_w,0,50.004,0.0,0.0
1220,oldpadra_n,2,46.783,0.0,0.019
1220,oldpadra_s,8,45.354,0.0,0.076
1220,racecourse_n,4,37.452,0.0,0.036
1220,racecourse_s,5,41.889,0.0,0.045
1220,raopura_e,8,12.456,23.0,0.22
1220,raopura_w,4,10.196,5.0,0.107
1220,rcdutt_e,10,26.064,0.0,0.086
1220,rcdutt_w,5,46.269,0.0,0.044
1230,dandia_e,9,16.53,37.0,0.234
1230,dandia_w,2,37.301,0.0,0.062
1230,gotri_n,5,46.115,0.0,0.025
1230,gotri_s,2,43.736,0.0,0.01
1230,jetalpur_e,12,23.51,52.0,0.151
1230,jetalpur_w,5,22.628,17.0,0.063
1230,manjalpur_n,6,31.588,0.0,0.084
1230,manjalpur_s,1,37.564,0.0,0.014
1230,natubhai_loop,0,29.988,0.0,0.0
1230,newsama_e,1,46.1,0.0,0.013
1230,newsama_w,2,43.799,0.0,0.027
1230,oldpadra_n,1,45.204,0.0,0.009
1230,oldpadra_s,4,45.613,0.0,0.038
1230,racecourse_n,2,39.426,0.0,0.018
1230,racecourse_s,10,40.562,4.0,0.089
1230,raopura_e,3,27.955,0.0,0.08
1230,raopura_w,5,8.299,38.0,0.133
1230,rcdutt_e,5,45.836,0.0,0.043
1230,rcdutt_w,4,42.76,0.0,0.034
1240,dandia_e,13,2.067,133.0,0.337
1240,dandia_w,0,39.996,0.0,0.0
1240,gotri_n,4,45.5,0.0,0.02
1240,gotri_s,3,43.183,0.0,0.015
1240,jetalpur_e,14,7.735,142.0,0.176
1240,jetalpur_w,7,17.555,70.0,0.088
1240,manjalpur_n,7,9.401,20.0,0.098
1240,manjalpur_s,0,39.996,0.0,0.0
1240,natubhai_loop,0,29.988,0.0,0.0
1240,newsama_e,0,50.004,0.0,0.0
1240,newsama_w,2,47.6,0.0,0.027
1240,oldpadra_n,1,48.015,0.0,0.009
1240,oldpadra_s,2,47.09,0.0,0.019
1240,racecourse_n,3,42.725,0.0,0.027
1240,racecourse_s,9,38.56,0.0,0.08
1240,raopura_e,3,25.828,6.0,0.08
1240,raopura_w,8,4.606,99.0,0.213
1240,rcdutt_e,5,44.854,0.0,0.043
1240,rcdutt_w,2,46.199,0.0,0.017
1250,dandia_e,16,2.546,274.0,0.409
1250,dandia_w,0,39.996,0.0,0.0
1250,gotri_n,2,46.771,0.0,0.01
1250,gotri_s,3,45.811,0.0,0.015
1250,jetalpur_e,16,5.091,279.0,0.201
1250,jetalpur_w,7,1.177,50.0,0.088
1250,manjalpur_n,8,6.244,34.0,0.112
1250,manjalpur_s,0,39.996,0.0,0.0
1250,natubhai_loop,0,29.988,0.0,0.0
1250,newsama_e,0,50.004,0.0,0.0
1250,newsama_w,3,39.834,0.0,0.04
1250,oldpadra_n,0,50.004,0.0,0.0
1250,oldpadra_s,0,50.004,0.0,0.0
1250,racecourse_n,2,47.532,0.0,0.018
1250,racecourse_s,4,42.964,0.0,0.036
1250,raopura_e,1,34.226,0.0,0.027
1250,raopura_w,10,0.01,201.0,0.267
1250,rcdutt_e,3,44.481,0.0,0.026
1250,rcdutt_w,0,50.004,0.0,0.0
1260,dandia_e,13,9.198,13.0,0.336
1260,dandia_w,2,32.043,0.0,0.032
1260,gotri_n,4,42.082,0.0,0.02
1260,gotri_s,3,15.544,9.0,0.015
1260,jetalpur_e,14,19.651,15.0,0.177
1260,jetalpur_w,2,28.869,0.0,0.034
1260,manjalpur_n,4,14.152,0.0,0.056
1260,manjalpur_s,4,35.127,0.0,0.041
1260,natubhai_loop,0,29.988,0.0,0.0
1260,newsama_e,2,46.052,0.0,0.027
1260,newsama_w,3,46.833,0.0,0.04
1260,oldpadra_n,1,47.795,0.0,0.009
1260,oldpadra_s,0,50.004,0.0,0.0
1260,racecourse_n,0,50.004,0.0,0.0
1260,racecourse_s,5,45.567,0.0,0.045
1260,raopura_e,4,28.409,0.0,0.116
1260,raopura_w,4,16.436,0.0,0.114
1260,rcdutt_e,5,29.279,0.0,0.043
1260,rcdutt_w,0,50.004,0.0,0.0
1270,dandia_e,13,8.65,9.0,0.318
1270,dandia_w,6,29.534,0.0,0.156
1270,gotri_n,6,43.58,0.0,0.03
1270,gotri_s,3,14.459,29.0,0.015
1270,jetalpur_e,10,25.141,0.0,0.138
1270,jetalpur_w,2,49.381,0.0,0.025
1270,manjalpur_n,1,39.337,0.0,0.014
1270,manjalpur_s,10,36.124,0.0,0.14
1270,natubhai_loop,0,29.988,0.0,0.0
1270,newsama_e,6,45.588,0.0,0.08
1270,newsama_w,2,47.403,0.0,0.027
1270,oldpadra_n,2,47.46,0.0,0.019
1270,oldpadra_s,0,50.004,0.0,0.0
1270,racecourse_n,1,34.797,0.0,0.003
1270,racecourse_s,11,38.842,1.0,0.098
1270,raopura_e,5,32.51,0.0,0.133
1270,raopura_w,0,39.996,0.0,0.0
1270,rcdutt_e,5,19.231,11.0,0.043
1270,rcdutt_w,1,45.843,0.0,0.009
1280,dandia_e,7,15.901,0.0,0.182
1280,dandia_w,1,31.15,0.0,0.026
1280,gotri_n,8,47.046,0.0,0.04
1280,gotri_s,4,12.131,54.0,0.02
1280,jetalpur_e,9,25.857,2.0,0.113
1280,jetalpur_w,1,48.961,0.0,0.013
1280,manjalpur_n,2,40.027,0.0,0.028
1280,manjalpur_s,5,35.145,0.0,0.07
1280,natubhai_loop,0,29.988,0.0,0.0
1280,newsama_e,4,48.685,0.0,0.053
1280,newsama_w,2,42.863,0.0,0.027
1280,oldpadra_n,1,49.327,0.0,0.009
1280,oldpadra_s,3,45.091,0.0,0.028
1280,racecourse_n,5,36.046,0.0,0.042
1280,racecourse_s,12,25.46,17.0,0.107
1280,raopura_e,5,11.145,0.0,0.133
1280,raopura_w,2,35.129,0.0,0.053
1280,rcdutt_e,6,15.331,41.0,0.051
1280,rcdutt_w,6,42.29,0.0,0.043
1290,dandia_e,4,32.638,0.0,0.115
1290,dandia_w,0,39.996,0.0,0.0
1290,gotri_n,7,47.108,0.0,0.035
1290,gotri_s,4,12.305,93.0,0.02
1290,jetalpur_e,11,20.536,1.0,0.14
1290,jetalpur_w,4,44.787,0.0,0.05
1290,manjalpur_n,1,40.162,0.0,0.014
1290,manjalpur_s,2,35.15,0.0,0.028
1290,natubhai_loop,0,29.988,0.0,0.0
1290,newsama_e,0,50.004,0.0,0.0
1290,newsama_w,1,48.375,0.0,0.013
1290,oldpadra_n,2,45.052,0.0,0.019
1290,oldpadra_s,6,47.444,0.0,0.057
1290,racecourse_n,7,44.402,0.0,0.062
1290,racecourse_s,9,12.443,0.0,0.08
1290,raopura_e,5,14.171,12.0,0.133
1290,raopura_w,1,39.267,0.0,0.027
1290,rcdutt_e,7,19.919,93.0,0.06
1290,rcdutt_w,9,45.58,0.0,0.077
1300,dandia_e,9,13.186,13.0,0.234
1300,dandia_w,2,42.487,0.0,0.052
1300,gotri_n,7,45.285,0.0,0.035
1300,gotri_s,1,49.738,0.0,0.005
1300,jetalpur_e,13,10.485,12.0,0.163
1300,jetalpur_w,7,36.831,0.0,0.088
1300,manjalpur_n,3,28.332,5.0,0.042
1300,manjalpur_s,1,38.414,0.0,0.014
1300,natubhai_loop,0,29.988,0.0,0.0
1300,newsama_e,0,50.004,0.0,0.0
1300,newsama_w,0,50.004,0.0,0.0
1300,oldpadra_n,0,50.004,0.0,0.0
1300,oldpadra_s,1,43.698,0.0,0.009
1300,racecourse_n,2,45.303,0.0,0.018
1300,racecourse_s,6,36.388,0.0,0.053
1300,raopura_e,7,7.552,69.0,0.183
1300,raopura_w,4,19.958,5.0,0.107
1300,rcdutt_e,4,28.76,0.0,0.034
1300,rcdutt_w,6,45.073,0.0,0.051
1310,dandia_e,13,3.231,80.0,0.337
1310,dandia_w,0,39.996,0.0,0.0
1310,gotri_n,3,44.219,0.0,0.015
1310,gotri_s,4,45.31,0.0,0.02
1310,jetalpur_e,17,13.875,89.0,0.214
1310,jetalpur_w,8,18.385,16.0,0.101
1310,manjalpur_n,3,21.783,15.0,0.042
1310,manjalpur_s,0,39.996,0.0,0.0
1310,natubhai_loop,0,29.988,0.0,0.0
1310,newsama_e,1,49.815,0.0,0.013
1310,newsama_w,2,41.666,0.0,0.027
1310,oldpadra_n,0,50.004,0.0,0.0
1310,oldpadra_s,1,47.645,0.0,0.009
1310,racecourse_n,0,50.004,0.0,0.0
1310,racecourse_s,8,39.837,10.0,0.071
1310,raopura_e,3,23.881,0.0,0.08
1310,raopura_w,6,12.676,37.0,0.16
1310,rcdutt_e,3,42.821,0.0,0.026
1310,rcdutt_w,4,47.39,0.0,0.034
1320,dandia_e,16,4.916,96.0,0.415
1320,dandia_w,3,37.683,0.0,0.078
1320,gotri_n,2,43.362,0.0,0.01
1320,gotri_s,6,46.208,0.0,0.03
1320,jetalpur_e,17,0.516,255.0,0.214
1320,jetalpur_w,8,0.002,96.0,0.101
1320,manjalpur_n,5,15.666,37.0,0.07
1320,manjalpur_s,0,39.996,0.0,0.0
1320,natubhai_loop,0,29.988,0.0,0.0
1320,newsama_e,0,50.004,0.0,0.0
1320,newsama_w,2,42.433,0.0,0.027
1320,oldpadra_n,1,46.854,0.0,0.009
1320,oldpadra_s,0,50.004,0.0,0.0
1320,racecourse_n,1,48.133,0.0,0.009
1320,racecourse_s,10,26.593,28.0,0.089
1320,raopura_e,0,39.996,0.0,0.0
1320,raopura_w,6,0.0,104.0,0.16
1320,rcdutt_e,2,42.05,0.0,0.017
1320,rcdutt_w,0,50.004,0.0,0.0
1330,dandia_e,20,2.101,280.0,0.513
1330,dandia_w,4,8.318,5.0,0.104
1330,gotri_n,3,42.699,0.0,0.015
1330,gotri_s,8,47.216,0.0,0.04
1330,jetalpur_e,19,2.243,476.0,0.239
1330,jetalpur_w,8,7.638,94.0,0.101
1330,manjalpur_n,5,0.048,80.0,0.07
1330,manjalpur_s,0,39.996,0.0,0.0
1330,natubhai_loop,0,29.988,0.0,0.0
1330,newsama_e,0,50.004,0.0,0.0
1330,newsama_w,3,44.929,0.0,0.04
1330,oldpadra_n,1,39.826,0.0,0.009
1330,oldpadra_s,0,50.004,0.0,0.0
1330,racecourse_n,1,48.937,0.0,0.009
1330,racecourse_s,7,32.557,0.0,0.062
1330,raopura_e,1,38.684,0.0,0.027
1330,raopura_w,6,0.0,182.0,0.16
1330,rcdutt_e,0,50.004,0.0,0.0
1330,rcdutt_w,0,50.004,0.0,0.0
1340,dandia_e,14,6.068,22.0,0.397
1340,dandia_w,6,35.764,0.0,0.156
1340,gotri_n,3,37.932,0.0,0.012
1340,gotri_s,11,27.881,12.0,0.054
1340,jetalpur_e,17,9.317,121.0,0.214
1340,jetalpur_w,4,40.321,0.0,0.05
1340,manjalpur_n,1,37.859,0.0,0.014
1340,manjalpur_s,8,29.492,0.0,0.112
1340,natubhai_loop,0,29.988,0.0,0.0
1340,newsama_e,2,43.188,0.0,0.027
1340,newsama_w,1,48.217,0.0,0.013
1340,oldpadra_n,0,50.004,0.0,0.0
1340,oldpadra_s,0,50.004,0.0,0.0
1340,racecourse_n,1,48.94,0.0,0.009
1340,racecourse_s,5,21.662,0.0,0.045
1340,raopura_e,5,31.293,0.0,0.122
1340,raopura_w,5,34.041,0.0,0.133
1340,rcdutt_e,0,50.004,0.0,0.0
1340,rcdutt_w,1,49.525,0.0,0.009
1350,dandia_e,11,5.511,4.0,0.294
1350,dandia_w,5,25.738,0.0,0.13
1350,gotri_n,10,42.274,0.0,0.049
1350,gotri_s,11,20.657,97.0,0.054
1350,jetalpur_e,16,19.774,0.0,0.201
1350,jetalpur_w,0,50.004,0.0,0.0
1350,manjalpur_n,0,39.996,0.0,0.0
1350,manjalpur_s,10,33.234,0.0,0.14
1350,natubhai_loop,0,29.988,0.0,0.0
1350,newsama_e,1,48.278,0.0,0.013
1350,newsama_w,3,44.404,0.0,0.04
1350,oldpadra_n,3,42.627,0.0,0.028
1350,oldpadra_s,1,49.485,0.0,0.009
1350,racecourse_n,2,36.652,0.0,0.01
1350,racecourse_s,3,9.564,10.0,0.027
1350,raopura_e,9,5.74,4.0,0.24
1350,raopura_w,4,34.133,0.0,0.107
1350,rcdutt_e,2,45.467,0.0,0.017
1350,rcdutt_w,2,48.239,0.0,0.017
1360,dandia_e,6,21.018,0.0,0.156
1360,dandia_w,0,39.996,0.0,0.0
1360,gotri_n,14,44.977,0.0,0.069
1360,gotri_s,11,12.063,191.0,0.054
1360,jetalpur_e,16,15.699,4.0,0.201
1360,jetalpur_w,1,48.427,0.0,0.013
1360,manjalpur_n,3,32.168,0.0,0.042
1360,manjalpur_s,6,34.847,0.0,0.084
1360,natubhai_loop,0,29.988,0.0,0.0
1360,newsama_e,1,44.541,0.0,0.013
1360,newsama_w,0,50.004,0.0,0.0
1360,oldpadra_n,4,43.741,0.0,0.038
1360,oldpadra_s,10,43.941,0.0,0.094
1360,racecourse_n,6,45.544,0.0,0.053
1360,racecourse_s,5,34.489,6.0,0.045
1360,raopura_e,8,9.152,0.0,0.213
1360,raopura_w,2,37.4,0.0,0.053
1360,rcdutt_e,3,36.142,1.0,0.026
1360,rcdutt_w,4,40.167,0.0,0.034
1370,dandia_e,8,8.208,24.0,0.208
1370,dandia_w,0,39.996,0.0,0.0
1370,gotri_n,14,44.237,0.0,0.069
1370,gotri_s,5,20.751,0.0,0.025
1370,jetalpur_e,18,5.828,35.0,0.226
1370,jetalpur_w,7,36.532,0.0,0.084
1370,manjalpur_n,5,36.26,0.0,0.07
1370,manjalpur_s,4,36.86,0.0,0.056
1370,natubhai_loop,0,29.988,0.0,0.0
1370,newsama_e,1,44.899,0.0,0.013
1370,newsama_w,0,50.004,0.0,0.0
1370,oldpadra_n,4,44.035,0.0,0.038
1370,oldpadra_s,6,41.803,0.0,0.057
1370,racecourse_n,6,46.154,0.0,0.053
1370,racecourse_s,6,31.195,19.0,0.053
1370,raopura_e,6,23.76,0.0,0.16
1370,raopura_w,2,0.046,6.0,0.053
1370,rcdutt_e,2,49.022,0.0,0.019
1370,rcdutt_w,4,43.102,0.0,0.034
1380,dandia_e,11,8.326,142.0,0.286
1380,dandia_w,0,39.996,0.0,0.0
1380,gotri_n,7,44.091,0.0,0.035
1380,gotri_s,2,45.381,0.0,0.01
1380,jetalpur_e,21,5.017,241.0,0.264
1380,jetalpur_w,11,18.886,6.0,0.138
1380,manjalpur_n,11,20.914,36.0,0.153
1380,manjalpur_s,0,39.996,0.0,0.0
1380,natubhai_loop,0,29.988,0.0,0.0
1380,newsama_e,0,50.004,0.0,0.0
1380,newsama_w,2,47.935,0.0,0.027
1380,oldpadra_n,1,47.702,0.0,0.01
1380,oldpadra_s,3,44.534,0.0,0.028
1380,racecourse_n,2,48.053,0.0,0.018
1380,racecourse_s,6,15.675,12.0,0.053
1380,raopura_e,4,15.051,0.0,0.107
1380,raopura_w,2,0.0,38.0,0.053
1380,rcdutt_e,0,50.004,0.0,0.0
1380,rcdutt_w,1,46.856,0.0,0.009
1390,dandia_e,13,4.006,155.0,0.337
1390,dandia_w,0,39.996,0.0,0.0
1390,gotri_n,3,44.68,0.0,0.015
1390,gotri_s,3,44.536,0.0,0.015
1390,jetalpur_e,21,0.077,493.0,0.264
1390,jetalpur_w,11,0.001,114.0,0.138
1390,manjalpur_n,13,5.742,53.0,0.182
1390,manjalpur_s,0,39.996,0.0,0.0
1390,natubhai_loop,1,13.036,0.0,0.164
1390,newsama_e,0,50.004,0.0,0.0
1390,newsama_w,2,43.153,0.0,0.027
1390,oldpadra_n,3,48.416,0.0,0.028
1390,oldpadra_s,0,50.004,0.0,0.0
1390,racecourse_n,0,50.004,0.0,0.0
1390,racecourse_s,3,42.5,0.0,0.027
1390,raopura_e,5,3.681,25.0,0.133
1390,raopura_w,3,13.64,64.0,0.08
1390,rcdutt_e,0,50.004,0.0,0.0
1390,rcdutt_w,1,49.55,0.0,0.009
1400,dandia_e,12,4.345,42.0,0.312
1400,dandia_w,0,39.996,0.0,0.0
1400,gotri_n,2,48.814,0.0,0.01
1400,gotri_s,3,47.645,0.0,0.015
1400,jetalpur_e,21,1.228,497.0,0.264
1400,jetalpur_w,10,9.565,59.0,0.126
1400,manjalpur_n,12,8.196,17.0,0.168
1400,manjalpur_s,0,39.996,0.0,0.0
1400,natubhai_loop,0,29.988,0.0,0.0
1400,newsama_e,0,50.004,0.0,0.0
1400,newsama_w,4,46.163,0.0,0.053
1400,oldpadra_n,4,33.59,0.0,0.038
1400,oldpadra_s,0,50.004,0.0,0.0
1400,racecourse_n,2,43.3,0.0,0.018
1400,racecourse_s,4,40.854,0.0,0.036
1400,raopura_e,2,30.298,0.0,0.038
1400,raopura_w,1,25.604,0.0,0.027
1400,rcdutt_e,0,50.004,0.0,0.0
1400,rcdutt_w,5,45.752,0.0,0.043
1410,dandia_e,9,19.972,0.0,0.234
1410,dandia_w,4,32.011,0.0,0.104
1410,gotri_n,6,47.699,0.0,0.03
1410,gotri_s,3,16.706,1.0,0.015
1410,jetalpur_e,25,6.894,200.0,0.311
1410,jetalpur_w,4,43.307,0.0,0.051
1410,manjalpur_n,7,18.739,0.0,0.098
1410,manjalpur_s,3,39.058,0.0,0.042
1410,natubhai_loop,0,29.988,0.0,0.0
1410,newsama_e,3,42.851,0.0,0.04
1410,newsama_w,3,48.096,0.0,0.04
1410,oldpadra_n,2,48.223,0.0,0.019
1410,oldpadra_s,0,50.004,0.0,0.0
1410,racecourse_n,3,39.718,0.0,0.026
1410,racecourse_s,5,25.796,4.0,0.045
1410,raopura_e,8,19.942,0.0,0.188
1410,raopura_w,1,39.971,0.0,0.027
1410,rcdutt_e,0,50.004,0.0,0.0
1410,rcdutt_w,8,45.131,0.0,0.063
1420,dandia_e,9,4.07,49.0,0.234
1420,dandia_w,2,32.148,0.0,0.052
1420,gotri_n,6,47.276,0.0,0.03
1420,gotri_s,5,19.008,23.0,0.025
1420,jetalpur_e,23,5.072,25.0,0.289
1420,jetalpur_w,8,45.771,0.0,0.101
1420,manjalpur_n,6,23.166,1.0,0.084
1420,manjalpur_s,1,40.191,0.0,0.014
1420,natubhai_loop,0,29.988,0.0,0.0
1420,newsama_e,1,46.641,0.0,0.013
1420,newsama_w,2,47.959,0.0,0.027
1420,oldpadra_n,0,50.004,0.0,0.0
1420,oldpadra_s,1,48.361,0.0,0.009
1420,racecourse_n,3,47.021,0.0,0.027
1420,racecourse_s,6,35.536,5.0,0.053
1420,raopura_e,11,5.76,4.0,0.293
1420,raopura_w,2,36.3,0.0,0.053
1420,rcdutt_e,3,40.005,0.0,0.026
1420,rcdutt_w,6,43.893,0.0,0.051
1430,dandia_e,5,18.052,0.0,0.14
1430,dandia_w,2,37.456,0.0,0.052
1430,gotri_n,7,44.812,0.0,0.035
1430,gotri_s,6,22.683,53.0,0.03
1430,jetalpur_e,23,5.622,2.0,0.296
1430,jetalpur_w,4,45.37,0.0,0.05
1430,manjalpur_n,3,20.579,0.0,0.055
1430,manjalpur_s,1,39.505,0.0,0.014
1430,natubhai_loop,0,29.988,0.0,0.0
1430,newsama_e,1,42.906,0.0,0.013
1430,newsama_w,0,50.004,0.0,0.0
1430,oldpadra_n,0,50.004,0.0,0.0
1430,oldpadra_s,1,48.73,0.0,0.009
1430,racecourse_n,8,44.38,0.0,0.071
1430,racecourse_s,7,32.033,21.0,0.062
1430,raopura_e,8,15.005,0.0,0.205
1430,raopura_w,0,39.996,0.0,0.0
1430,rcdutt_e,7,47.152,0.0,0.06
1430,rcdutt_w,6,41.373,0.0,0.051
1440,dandia_e,10,0.508,36.0,0.26
1440,dandia_w,6,28.217,2.0,0.156
1440,gotri_n,4,46.06,0.0,0.02
1440,gotri_s,3,45.221,0.0,0.015
1440,jetalpur_e,27,4.948,52.0,0.332
1440,jetalpur_w,2,46.526,0.0,0.025
1440,manjalpur_n,3,9.999,20.0,0.042
1440,manjalpur_s,2,37.907,0.0,0.028
1440,natubhai_loop,1,24.618,0.0,0.164
1440,newsama_e,2,40.507,0.0,0.027
1440,newsama_w,1,50.004,0.0,0.013
1440,oldpadra_n,1,42.73,0.0,0.009
1440,oldpadra_s,1,48.609,0.0,0.009
1440,racecourse_n,7,40.811,0.0,0.054
1440,racecourse_s,13,31.125,1.0,0.116
1440,raopura_e,8,7.104,18.0,0.213
1440,raopura_w,2,39.841,0.0,0.053
1440,rcdutt_e,2,42.946,0.0,0.019
1440,rcdutt_w,6,45.746,0.0,0.051
1450,dandia_e,10,0.0,130.0,0.26
1450,dandia_w,4,31.495,0.0,0.104
1450,gotri_n,3,42.612,0.0,0.015
1450,gotri_s,3,44.957,0.0,0.015
1450,jetalpur_e,29,4.075,191.0,0.364
1450,jetalpur_w,2,38.312,0.0,0.034
1450,manjalpur_n,3,9.999,50.0,0.042
1450,manjalpur_s,1,37.483,0.0,0.014
1450,natubhai_loop,0,29.988,0.0,0.0
1450,newsama_e,1,49.599,0.0,0.013
1450,newsama_w,1,49.554,0.0,0.013
1450,oldpadra_n,1,42.994,0.0,0.009
1450,oldpadra_s,2,47.744,0.0,0.019
1450,racecourse_n,5,41.026,0.0,0.045
1450,racecourse_s,13,31.926,27.0,0.116
1450,raopura_e,8,2.905,10.0,0.214
1450,raopura_w,6,24.555,6.0,0.16
1450,rcdutt_e,0,50.004,0.0,0.0
1450,rcdutt_w,6,46.144,0.0,0.051
1460,dandia_e,11,1.193,260.0,0.286
1460,dandia_w,1,20.001,4.0,0.026
1460,gotri_n,1,47.738,0.0,0.005
1460,gotri_s,5,43.39,0.0,0.025
1460,jetalpur_e,31,1.521,484.0,0.389
1460,jetalpur_w,4,40.902,0.0,0.05
1460,manjalpur_n,4,7.957,35.0,0.056
1460,manjalpur_s,0,39.996,0.0,0.0
1460,natubhai_loop,0,29.988,0.0,0.0
1460,newsama_e,0,50.004,0.0,0.0
1460,newsama_w,2,32.006,7.0,0.027
1460,oldpadra_n,0,50.004,0.0,0.0
1460,oldpadra_s,2,45.524,0.0,0.019
1460,racecourse_n,4,44.21,0.0,0.036
1460,racecourse_s,12,15.707,7.0,0.107
1460,raopura_e,8,0.483,15.0,0.213
1460,raopura_w,9,6.286,54.0,0.24
1460,rcdutt_e,0,50.004,0.0,0.0
1460,rcdutt_w,4,46.566,0.0,0.041
1470,dandia_e,10,3.636,361.0,0.279
1470,dandia_w,2,26.357,17.0,0.052
1470,gotri_n,0,50.004,0.0,0.0
1470,gotri_s,6,46.355,0.0,0.03
1470,jetalpur_e,29,0.0,798.0,0.384
1470,jetalpur_w,3,31.575,6.0,0.047
1470,manjalpur_n,3,23.082,14.0,0.063
1470,manjalpur_s,0,39.996,0.0,0.0
1470,natubhai_loop,0,29.988,0.0,0.0
1470,newsama_e,1,43.696,0.0,0.013
1470,newsama_w,1,25.002,6.0,0.026
1470,oldpadra_n,0,50.004,0.0,0.0
1470,oldpadra_s,1,47.472,0.0,0.009
1470,racecourse_n,2,41.574,0.0,0.018
1470,racecourse_s,10,30.367,0.0,0.089
1470,raopura_e,11,0.006,107.0,0.293
1470,raopura_w,12,6.352,112.0,0.363
1470,rcdutt_e,1,40.158,0.0,0.009
1470,rcdutt_w,3,36.689,0.0,0.026
1480,dandia_e,12,3.078,529.0,0.312
1480,dandia_w,3,30.89,0.0,0.078
1480,gotri_n,5,41.067,0.0,0.025
1480,gotri_s,8,33.142,1.0,0.04
1480,jetalpur_e,22,6.231,393.0,0.274
1480,jetalpur_w,1,48.741,0.0,0.013
1480,manjalpur_n,2,26.205,2.0,0.028
1480,manjalpur_s,12,36.054,0.0,0.168
1480,natubhai_loop,0,29.988,0.0,0.0
1480,newsama_e,3,44.044,0.0,0.04
1480,newsama_w,3,48.075,0.0,0.04
1480,oldpadra_n,2,45.726,0.0,0.019
1480,oldpadra_s,0,50.004,0.0,0.0
1480,racecourse_n,4,39.349,0.0,0.03
1480,racecourse_s,10,27.411,0.0,0.089
1480,raopura_e,13,1.979,34.0,0.335
1480,raopura_w,2,34.345,0.0,0.078
1480,rcdutt_e,3,45.357,0.0,0.026
1480,rcdutt_w,0,50.004,0.0,0.0
1490,dandia_e,13,2.459,685.0,0.337
1490,dandia_w,1,38.095,0.0,0.026
1490,gotri_n,5,43.253,0.0,0.025
1490,gotri_s,12,30.641,38.0,0.059
1490,jetalpur_e,22,5.959,55.0,0.272
1490,jetalpur_w,3,47.604,0.0,0.038
1490,manjalpur_n,2,36.326,0.0,0.04
1490,manjalpur_s,11,33.116,0.0,0.154
1490,natubhai_loop,1,28.531,0.0,0.164
1490,newsama_e,0,50.004,0.0,0.0
1490,newsama_w,1,47.698,0.0,0.013
1490,oldpadra_n,2,46.315,0.0,0.019
1490,oldpadra_s,4,41.861,0.0,0.038
1490,racecourse_n,9,46.101,0.0,0.08
1490,racecourse_s,10,25.914,0.0,0.089
1490,raopura_e,10,7.575,10.0,0.267
1490,raopura_w,1,38.194,0.0,0.027
1490,rcdutt_e,1,25.012,3.0,0.009
1490,rcdutt_w,1,47.74,0.0,0.009
1500,dandia_e,11,11.154,0.0,0.286
1500,dandia_w,1,28.549,0.0,0.026
1500,gotri_n,7,42.997,0.0,0.035
1500,gotri_s,13,30.43,65.0,0.073
1500,jetalpur_e,25,7.458,39.0,0.308
1500,jetalpur_w,1,47.002,0.0,0.013
1500,manjalpur_n,3,27.474,7.0,0.042
1500,manjalpur_s,5,36.614,0.0,0.07
1500,natubhai_loop,1,0.0,11.0,0.164
1500,newsama_e,0,50.004,0.0,0.0
1500,newsama_w,2,43.867,0.0,0.027
1500,oldpadra_n,3,47.644,0.0,0.028
1500,oldpadra_s,10,44.38,0.0,0.094
1500,racecourse_n,2,43.783,0.0,0.018
1500,racecourse_s,8,26.865,14.0,0.071
1500,raopura_e,11,3.682,12.0,0.293
1500,raopura_w,3,14.429,0.0,0.08
1500,rcdutt_e,6,36.744,0.0,0.051
1500,rcdutt_w,2,47.514,0.0,0.017
1510,dandia_e,13,3.315,96.0,0.337
1510,dandia_w,1,40.156,0.0,0.026
1510,gotri_n,4,42.136,0.0,0.02
1510,gotri_s,6,44.914,0.0,0.03
1510,jetalpur_e,27,2.061,107.0,0.33
1510,jetalpur_w,9,43.431,0.0,0.106
1510,manjalpur_n,6,21.654,42.0,0.084
1510,manjalpur_s,0,39.996,0.0,0.0
1510,natubhai_loop,0,29.988,0.0,0.0
1510,newsama_e,2,41.668,0.0,0.023
1510,newsama_w,4,23.087,16.0,0.053
1510,oldpadra_n,1,49.634,0.0,0.009
1510,oldpadra_s,3,46.639,0.0,0.028
1510,racecourse_n,2,40.274,0.0,0.014
1510,racecourse_s,7,19.509,22.0,0.062
1510,raopura_e,12,5.859,4.0,0.32
1510,raopura_w,5,9.211,39.0,0.133
1510,rcdutt_e,4,23.458,1.0,0.034
1510,rcdutt_w,3,47.715,0.0,0.026
1520,dandia_e,15,5.06,295.0,0.389
1520,dandia_w,3,34.958,0.0,0.078
1520,gotri_n,3,43.22,0.0,0.015
1520,gotri_s,4,46.945,0.0,0.02
1520,jetalpur_e,29,0.834,385.0,0.364
1520,jetalpur_w,12,9.398,58.0,0.151
1520,manjalpur_n,7,9.661,103.0,0.098
1520,manjalpur_s,1,41.487,0.0,0.014
1520,natubhai_loop,0,29.988,0.0,0.0
1520,newsama_e,0,50.004,0.0,0.0
1520,newsama_w,4,0.0,63.0,0.053
1520,oldpadra_n,3,46.89,0.0,0.028
1520,oldpadra_s,1,45.605,0.0,0.009
1520,racecourse_n,2,39.736,0.0,0.012
1520,racecourse_s,6,23.999,13.0,0.053
1520,raopura_e,13,5.672,8.0,0.347
1520,raopura_w,8,5.126,119.0,0.213
1520,rcdutt_e,2,46.174,0.0,0.017
1520,rcdutt_w,2,43.02,0.0,0.017
1530,dandia_e,17,1.915,407.0,0.483
1530,dandia_w,1,37.352,0.0,0.026
1530,gotri_n,0,50.004,0.0,0.0
1530,gotri_s,3,46.548,0.0,0.015
1530,jetalpur_e,28,1.399,691.0,0.362
1530,jetalpur_w,12,7.919,142.0,0.173
1530,manjalpur_n,9,8.558,190.0,0.115
1530,manjalpur_s,1,42.405,0.0,0.025
1530,natubhai_loop,0,29.988,0.0,0.0
1530,newsama_e,1,49.102,0.0,0.013
1530,newsama_w,2,0.0,41.0,0.048
1530,oldpadra_n,1,49.194,0.0,0.016
1530,oldpadra_s,1,28.489,0.0,0.002
1530,racecourse_n,1,48.106,0.0,0.009
1530,racecourse_s,5,31.856,5.0,0.045
1530,raopura_e,12,6.87,19.0,0.321
1530,raopura_w,8,7.845,129.0,0.231
1530,rcdutt_e,2,46.323,0.0,0.017
1530,rcdutt_w,2,32.047,0.0,0.017
1540,dandia_e,15,6.779,61.0,0.399
1540,dandia_w,9,34.379,0.0,0.22
1540,gotri_n,1,38.413,0.0,0.003
1540,gotri_s,5,43.256,0.0,0.025
1540,jetalpur_e,30,4.296,423.0,0.372
1540,jetalpur_w,9,33.148,0.0,0.113
1540,manjalpur_n,10,19.915,0.0,0.14
1540,manjalpur_s,9,37.246,0.0,0.123
1540,natubhai_loop,0,29.988,0.0,0.0
1540,newsama_e,0,50.004,0.0,0.0
1540,newsama_w,0,50.004,0.0,0.0
1540,oldpadra_n,1,45.709,0.0,0.009
1540,oldpadra_s,1,48.126,0.0,0.009
1540,racecourse_n,2,44.73,0.0,0.018
1540,racecourse_s,6,28.717,16.0,0.053
1540,raopura_e,11,7.588,0.0,0.288
1540,raopura_w,2,28.596,0.0,0.053
1540,rcdutt_e,2,17.155,1.0,0.017
1540,rcdutt_w,0,50.004,0.0,0.0
1550,dandia_e,12,3.078,164.0,0.314
1550,dandia_w,16,8.746,39.0,0.415
1550,gotri_n,7,44.361,0.0,0.035
1550,gotri_s,10,40.46,13.0,0.049
1550,jetalpur_e,21,7.272,85.0,0.259
1550,jetalpur_w,0,50.004,0.0,0.0
1550,manjalpur_n,9,4.894,19.0,0.126
1550,manjalpur_s,8,34.609,0.0,0.1
1550,natubhai_loop,0,29.988,0.0,0.0
1550,newsama_e,3,48.393,0.0,0.038
1550,newsama_w,0,50.004,0.0,0.0
1550,oldpadra_n,4,44.097,0.0,0.038
1550,oldpadra_s,2,41.655,0.0,0.019
1550,racecourse_n,4,44.53,0.0,0.036
1550,racecourse_s,6,28.78,48.0,0.053
1550,raopura_e,12,3.673,12.0,0.32
1550,raopura_w,2,37.959,0.0,0.053
1550,rcdutt_e,4,24.616,33.0,0.034
1550,rcdutt_w,2,48.568,0.0,0.017
1560,dandia_e,8,8.598,51.0,0.208
1560,dandia_w,8,17.978,0.0,0.208
1560,gotri_n,11,45.4,0.0,0.054
1560,gotri_s,11,32.012,25.0,0.054
1560,jetalpur_e,17,13.289,0.0,0.214
1560,jetalpur_w,0,50.004,0.0,0.0
1560,manjalpur_n,9,7.113,19.0,0.126
1560,manjalpur_s,8,32.964,0.0,0.112
1560,natubhai_loop,0,29.988,0.0,0.0
1560,newsama_e,3,45.622,0.0,0.04
1560,newsama_w,1,46.686,0.0,0.013
1560,oldpadra_n,3,45.364,0.0,0.028
1560,oldpadra_s,5,45.931,0.0,0.047
1560,racecourse_n,3,35.869,0.0,0.027
1560,racecourse_s,8,17.299,78.0,0.071
1560,raopura_e,12,5.685,6.0,0.294
1560,raopura_w,5,34.711,0.0,0.133
1560,rcdutt_e,6,28.234,53.0,0.048
1560,rcdutt_w,5,42.688,0.0,0.043
1570,dandia_e,7,4.499,23.0,0.182
1570,dandia_w,5,0.005,27.0,0.13
1570,gotri_n,12,44.986,0.0,0.059
1570,gotri_s,8,43.555,0.0,0.04
1570,jetalpur_e,18,14.015,20.0,0.218
1570,jetalpur_w,3,42.093,0.0,0.038
1570,manjalpur_n,11,8.078,30.0,0.154
1570,manjalpur_s,3,35.309,0.0,0.042
1570,natubhai_loop,0,29.988,0.0,0.0
1570,newsama_e,1,48.532,0.0,0.013
1570,newsama_w,2,32.829,2.0,0.027
1570,oldpadra_n,2,46.497,0.0,0.019
1570,oldpadra_s,10,42.692,0.0,0.094
1570,racecourse_n,4,46.989,0.0,0.036
1570,racecourse_s,11,30.674,0.0,0.098
1570,raopura_e,14,3.697,33.0,0.374
1570,raopura_w,9,8.394,22.0,0.24
1570,rcdutt_e,4,36.966,0.0,0.034
1570,rcdutt_w,6,45.921,0.0,0.051
1580,dandia_e,11,6.117,108.0,0.286
1580,dandia_w,2,32.084,0.0,0.052
1580,gotri_n,7,44.823,0.0,0.035
1580,gotri_s,4,43.644,0.0,0.02
1580,jetalpur_e,24,9.178,149.0,0.302
1580,jetalpur_w,7,29.707,0.0,0.077
1580,manjalpur_n,11,0.096,113.0,0.154
1580,manjalpur_s,0,39.996,0.0,0.0
1580,natubhai_loop,0,29.988,0.0,0.0
1580,newsama_e,1,42.846,0.0,0.0
1580,newsama_w,4,31.656,15.0,0.053
1580,oldpadra_n,3,45.645,0.0,0.028
1580,oldpadra_s,10,42.098,0.0,0.094
1580,racecourse_n,3,38.582,0.0,0.027
1580,racecourse_s,14,11.669,66.0,0.125
1580,raopura_e,11,5.036,5.0,0.293
1580,raopura_w,14,3.023,125.0,0.374
1580,rcdutt_e,0,50.004,0.0,0.0
1580,rcdutt_w,1,47.574,0.0,0.009
1590,dandia_e,12,0.002,243.0,0.312
1590,dandia_w,0,39.996,0.0,0.0
1590,gotri_n,2,42.057,0.0,0.01
1590,gotri_s,2,41.807,0.0,0.01
1590,jetalpur_e,29,8.279,367.0,0.364
1590,jetalpur_w,8,18.144,39.0,0.101
1590,manjalpur_n,14,5.979,256.0,0.196
1590,manjalpur_s,0,39.996,0.0,0.0
1590,natubhai_loop,2,8.242,0.0,0.329
1590,newsama_e,1,49.207,0.0,0.013
1590,newsama_w,10,26.561,45.0,0.133
1590,oldpadra_n,1,48.082,0.0,0.009
1590,oldpadra_s,3,47.496,0.0,0.028
1590,racecourse_n,3,46.354,0.0,0.027
1590,racecourse_s,7,35.299,0.0,0.062
1590,raopura_e,13,3.898,68.0,0.347
1590,raopura_w,17,0.143,302.0,0.454
1590,rcdutt_e,2,42.814,0.0,0.017
1590,rcdutt_w,0,50.004,0.0,0.0
1600,dandia_e,11,1.994,266.0,0.298
1600,dandia_w,2,37.952,0.0,0.052
1600,gotri_n,1,43.032,0.0,0.005
1600,gotri_s,5,37.071,1.0,0.025
1600,jetalpur_e,28,0.35,575.0,0.357
1600,jetalpur_w,9,13.793,60.0,0.117
1600,manjalpur_n,14,1.162,343.0,0.198
1600,manjalpur_s,0,39.996,0.0,0.0
1600,natubhai_loop,3,7.663,22.0,0.493
1600,newsama_e,0,50.004,0.0,0.0
1600,newsama_w,10,7.105,43.0,0.134
1600,oldpadra_n,0,50.004,0.0,0.001
1600,oldpadra_s,0,50.004,0.0,0.0
1600,racecourse_n,4,40.678,0.0,0.036
1600,racecourse_s,3,28.619,0.0,0.027
1600,raopura_e,11,5.298,8.0,0.293
1600,raopura_w,16,3.02,347.0,0.427
1600,rcdutt_e,2,45.148,0.0,0.017
1600,rcdutt_w,0,50.004,0.0,0.0
1610,dandia_e,11,3.436,30.0,0.295
1610,dandia_w,3,31.735,0.0,0.091
1610,gotri_n,2,48.094,0.0,0.01
1610,gotri_s,8,40.076,14.0,0.04
1610,jetalpur_e,25,2.564,301.0,0.314
1610,jetalpur_w,8,44.412,0.0,0.094
1610,manjalpur_n,12,5.238,14.0,0.168
1610,manjalpur_s,11,36.132,0.0,0.146
1610,natubhai_loop,4,0.0,69.0,0.658
1610,newsama_e,4,45.904,0.0,0.053
1610,newsama_w,3,37.254,0.0,0.04
1610,oldpadra_n,0,50.004,0.0,0.0
1610,oldpadra_s,0,50.004,0.0,0.0
1610,racecourse_n,2,43.77,0.0,0.018
1610,racecourse_s,0,50.004,0.0,0.0
1610,raopura_e,13,5.937,30.0,0.347
1610,raopura_w,6,32.98,0.0,0.184
1610,rcdutt_e,4,34.759,8.0,0.034
1610,rcdutt_w,6,44.557,0.0,0.051
1620,dandia_e,13,6.443,119.0,0.347
1620,dandia_w,4,36.433,0.0,0.117
1620,gotri_n,5,43.241,0.0,0.025
1620,gotri_s,8,41.201,24.0,0.04
1620,jetalpur_e,23,3.943,136.0,0.292
1620,jetalpur_w,9,40.391,0.0,0.113
1620,manjalpur_n,10,4.196,58.0,0.14
1620,manjalpur_s,15,32.729,0.0,0.196
1620,natubhai_loop,4,0.0,109.0,0.658
1620,newsama_e,1,46.154,0.0,0.013
1620,newsama_w,1,48.942,0.0,0.013
1620,oldpadra_n,0,50.004,0.0,0.0
1620,oldpadra_s,5,45.672,0.0,0.041
1620,racecourse_n,2,47.18,0.0,0.018
1620,racecourse_s,2,44.033,0.0,0.018
1620,raopura_e,12,3.871,31.0,0.321
1620,raopura_w,2,35.037,0.0,0.053
1620,rcdutt_e,4,32.106,18.0,0.034
1620,rcdutt_w,8,44.847,0.0,0.069
1630,dandia_e,12,4.565,45.0,0.321
1630,dandia_w,1,38.464,0.0,0.026
1630,gotri_n,10,44.746,0.0,0.049
1630,gotri_s,8,29.101,40.0,0.04
1630,jetalpur_e,21,8.272,29.0,0.268
1630,jetalpur_w,4,43.331,0.0,0.061
1630,manjalpur_n,9,7.522,2.0,0.126
1630,manjalpur_s,12,34.428,0.0,0.168
1630,natubhai_loop,4,0.0,149.0,0.658
1630,newsama_e,0,50.004,0.0,0.0
1630,newsama_w,2,35.531,0.0,0.027
1630,oldpadra_n,0,50.004,0.0,0.0
1630,oldpadra_s,7,45.984,0.0,0.066
1630,racecourse_n,4,47.494,0.0,0.036
1630,racecourse_s,4,40.993,0.0,0.036
1630,raopura_e,11,5.038,23.0,0.294
1630,raopura_w,3,33.527,0.0,0.08
1630,rcdutt_e,3,0.32,33.0,0.026
1630,rcdutt_w,10,43.321,0.0,0.084
1640,dandia_e,13,4.871,33.0,0.347
1640,dandia_w,4,36.615,0.0,0.089
1640,gotri_n,14,45.099,0.0,0.069
1640,gotri_s,8,11.573,76.0,0.04
1640,jetalpur_e,18,12.02,9.0,0.226
1640,jetalpur_w,0,50.004,0.0,0.0
1640,manjalpur_n,9,13.118,1.0,0.126
1640,manjalpur_s,5,29.687,0.0,0.07
1640,natubhai_loop,4,0.0,189.0,0.658
1640,newsama_e,0,50.004,0.0,0.0
1640,newsama_w,2,41.091,0.0,0.027
1640,oldpadra_n,0,50.004,0.0,0.0
1640,oldpadra_s,9,44.657,0.0,0.085
1640,racecourse_n,4,41.779,0.0,0.036
1640,racecourse_s,9,39.923,0.0,0.08
1640,raopura_e,10,7.059,4.0,0.267
1640,raopura_w,4,13.727,0.0,0.107
1640,rcdutt_e,3,0.0,62.0,0.026
1640,rcdutt_w,8,37.636,1.0,0.069
1650,dandia_e,14,0.743,37.0,0.363
1650,dandia_w,2,33.929,0.0,0.052
1650,gotri_n,13,44.136,0.0,0.064
1650,gotri_s,1,39.818,0.0,0.005
1650,jetalpur_e,20,10.502,26.0,0.239
1650,jetalpur_w,5,40.156,0.0,0.063
1650,manjalpur_n,10,7.033,51.0,0.14
1650,manjalpur_s,2,33.852,0.0,0.028
1650,natubhai_loop,3,5.194,0.0,0.493
1650,newsama_e,1,49.391,0.0,0.013
1650,newsama_w,2,39.716,0.0,0.038
1650,oldpadra_n,0,50.004,0.0,0.0
1650,oldpadra_s,10,43.534,0.0,0.094
1650,racecourse_n,8,41.966,0.0,0.071
1650,racecourse_s,9,35.48,13.0,0.08
1650,raopura_e,8,16.988,0.0,0.198
1650,raopura_w,4,0.0,32.0,0.107
1650,rcdutt_e,0,50.004,0.0,0.0
1650,rcdutt_w,7,40.29,0.0,0.06
1660,dandia_e,15,0.005,203.0,0.389
1660,dandia_w,0,39.996,0.0,0.0
1660,gotri_n,8,43.654,0.0,0.04
1660,gotri_s,3,45.877,0.0,0.015
1660,jetalpur_e,22,2.851,205.0,0.276
1660,jetalpur_w,5,3.596,12.0,0.063
1660,manjalpur_n,10,0.052,126.0,0.14
1660,manjalpur_s,0,39.996,0.0,0.0
1660,natubhai_loop,0,29.988,0.0,0.0
1660,newsama_e,1,49.873,0.0,0.013
1660,newsama_w,2,21.921,0.0,0.027
1660,oldpadra_n,0,50.004,0.0,0.0
1660,oldpadra_s,4,39.858,0.0,0.038
1660,racecourse_n,8,38.616,0.0,0.071
1660,racecourse_s,12,32.535,2.0,0.107
1660,raopura_e,12,7.182,18.0,0.32
1660,raopura_w,7,10.068,96.0,0.187
1660,rcdutt_e,5,37.599,0.0,0.039
1660,rcdutt_w,1,49.93,0.0,0.009
1670,dandia_e,18,2.684,400.0,0.467
1670,dandia_w,1,38.908,0.0,0.026
1670,gotri_n,3,39.432,0.0,0.015
1670,gotri_s,3,46.542,0.0,0.015
1670,jetalpur_e,24,1.607,474.0,0.302
1670,jetalpur_w,5,0.0,75.0,0.063
1670,manjalpur_n,10,0.273,179.0,0.14
1670,manjalpur_s,0,39.996,0.0,0.0
1670,natubhai_loop,0,29.988,0.0,0.0
1670,newsama_e,0,50.004,0.0,0.0
1670,newsama_w,2,16.668,25.0,0.027
1670,oldpadra_n,0,50.004,0.0,0.0
1670,oldpadra_s,1,43.446,0.0,0.009
1670,racecourse_n,4,42.139,0.0,0.036
1670,racecourse_s,16,19.905,44.0,0.143
1670,raopura_e,9,11.421,0.0,0.24
1670,raopura_w,7,0.0,175.0,0.187
1670,rcdutt_e,9,45.341,0.0,0.077
1670,rcdutt_w,0,50.004,0.0,0.0
1680,dandia_e,17,4.101,172.0,0.451
1680,dandia_w,1,36.104,0.0,0.045
1680,gotri_n,2,42.416,0.0,0.01
1680,gotri_s,4,45.076,0.0,0.02
1680,jetalpur_e,24,3.057,512.0,0.302
1680,jetalpur_w,2,23.584,0.0,0.02
1680,manjalpur_n,7,3.668,29.0,0.111
1680,manjalpur_s,1,34.502,0.0,0.003
1680,natubhai_loop,0,29.988,0.0,0.0
1680,newsama_e,0,50.004,0.0,0.0
1680,newsama_w,0,50.004,0.0,0.0
1680,oldpadra_n,0,50.004,0.0,0.0
1680,oldpadra_s,0,50.004,0.0,0.0
1680,racecourse_n,4,44.563,0.0,0.036
1680,racecourse_s,11,23.531,49.0,0.104
1680,raopura_e,13,3.616,36.0,0.346
1680,raopura_w,4,13.739,0.0,0.132
1680,rcdutt_e,10,27.235,5.0,0.086
1680,rcdutt_w,0,50.004,0.0,0.0
1690,dandia_e,19,1.599,52.0,0.493
1690,dandia_w,7,28.073,0.0,0.182
1690,gotri_n,4,43.253,0.0,0.02
1690,gotri_s,7,29.843,4.0,0.035
1690,jetalpur_e,20,5.939,305.0,0.263
1690,jetalpur_w,2,44.73,0.0,0.025
1690,manjalpur_n,6,6.363,8.0,0.084
1690,manjalpur_s,8,36.045,0.0,0.112
1690,natubhai_loop,0,29.988,0.0,0.0
1690,newsama_e,1,49.132,0.0,0.013
1690,newsama_w,0,50.004,0.0,0.0
1690,oldpadra_n,0,50.004,0.0,0.0
1690,oldpadra_s,0,50.004,0.0,0.0
1690,racecourse_n,5,37.538,0.0,0.045
1690,racecourse_s,6,27.067,0.0,0.053
1690,raopura_e,16,3.632,137.0,0.427
1690,raopura_w,0,39.996,0.0,0.0
1690,rcdutt_e,12,13.528,55.0,0.103
1690,rcdutt_w,1,37.296,0.0,0.009
1700,dandia_e,15,9.48,0.0,0.37
1700,dandia_w,2,17.356,0.0,0.052
1700,gotri_n,8,46.15,0.0,0.04
1700,gotri_s,9,30.166,40.0,0.044
1700,jetalpur_e,16,13.614,1.0,0.209
1700,jetalpur_w,0,50.004,0.0,0.0
1700,manjalpur_n,6,11.714,47.0,0.084
1700,manjalpur_s,3,37.957,0.0,0.042
1700,natubhai_loop,1,0.0,4.0,0.164
1700,newsama_e,1,49.207,0.0,0.013
1700,newsama_w,1,49.917,0.0,0.013
1700,oldpadra_n,2,46.19,0.0,0.019
1700,oldpadra_s,1,49.712,0.0,0.009
1700,racecourse_n,7,45.84,0.0,0.062
1700,racecourse_s,6,22.007,8.0,0.053
1700,raopura_e,15,2.726,90.0,0.4
1700,raopura_w,1,40.596,0.0,0.027
1700,rcdutt_e,14,12.966,170.0,0.12
1700,rcdutt_w,6,42.581,0.0,0.051
1710,dandia_e,10,14.683,0.0,0.243
1710,dandia_w,1,33.684,0.0,0.026
1710,gotri_n,13,43.619,0.0,0.063
1710,gotri_s,12,28.207,88.0,0.059
1710,jetalpur_e,19,18.826,0.0,0.239
1710,jetalpur_w,1,49.622,0.0,0.013
1710,manjalpur_n,4,15.016,0.0,0.056
1710,manjalpur_s,3,36.02,0.0,0.042
1710,natubhai_loop,1,0.0,20.0,0.164
1710,newsama_e,0,50.004,0.0,0.0
1710,newsama_w,2,47.037,0.0,0.027
1710,oldpadra_n,1,48.523,0.0,0.019
1710,oldpadra_s,1,49.455,0.0,0.009
1710,racecourse_n,4,48.584,0.0,0.036
1710,racecourse_s,8,35.157,1.0,0.071
1710,raopura_e,15,2.813,28.0,0.377
1710,raopura_w,1,38.6,0.0,0.027
1710,rcdutt_e,16,5.811,359.0,0.137
1710,rcdutt_w,3,35.548,0.0,0.026
1720,dandia_e,15,0.526,83.0,0.38
1720,dandia_w,1,33.769,0.0,0.026
1720,gotri_n,9,42.529,0.0,0.044
1720,gotri_s,4,43.724,0.0,0.02
1720,jetalpur_e,26,6.75,81.0,0.327
1720,jetalpur_w,7,45.182,0.0,0.088
1720,manjalpur_n,6,11.204,53.0,0.084
1720,manjalpur_s,1,36.175,0.0,0.014
1720,natubhai_loop,1,31.363,0.0,0.164
1720,newsama_e,1,44.345,0.0,0.013
1720,newsama_w,2,35.418,0.0,0.027
1720,oldpadra_n,0,50.004,0.0,0.0
1720,oldpadra_s,2,47.419,0.0,0.019
1720,racecourse_n,3,43.49,0.0,0.027
1720,racecourse_s,13,31.936,1.0,0.109
1720,raopura_e,13,2.271,22.0,0.334
1720,raopura_w,1,19.998,8.0,0.027
1720,rcdutt_e,14,30.484,0.0,0.12
1720,rcdutt_w,4,45.98,0.0,0.034
1730,dandia_e,16,0.065,271.0,0.415
1730,dandia_w,0,39.996,0.0,0.0
1730,gotri_n,6,43.182,0.0,0.03
1730,gotri_s,7,42.934,0.0,0.035
1730,jetalpur_e,32,4.882,314.0,0.398
1730,jetalpur_w,8,6.921,16.0,0.101
1730,manjalpur_n,6,5.714,130.0,0.084
1730,manjalpur_s,0,39.996,0.0,0.0
1730,natubhai_loop,1,0.0,9.0,0.164
1730,newsama_e,0,50.004,0.0,0.0
1730,newsama_w,3,25.002,21.0,0.04
1730,oldpadra_n,0,50.004,0.0,0.0
1730,oldpadra_s,3,47.591,0.0,0.028
1730,racecourse_n,1,47.966,0.0,0.014
1730,racecourse_s,13,22.342,54.0,0.116
1730,raopura_e,13,1.483,130.0,0.347
1730,raopura_w,2,22.714,21.0,0.053
1730,rcdutt_e,5,46.436,0.0,0.051
1730,rcdutt_w,3,48.251,0.0,0.029
1740,dandia_e,16,0.028,431.0,0.415
1740,dandia_w,2,26.747,0.0,0.034
1740,gotri_n,3,45.405,0.0,0.015
1740,gotri_s,7,43.173,0.0,0.035
1740,jetalpur_e,35,3.356,558.0,0.44
1740,jetalpur_w,8,0.0,90.0,0.101
1740,manjalpur_n,6,5.714,190.0,0.084
1740,manjalpur_s,0,39.996,0.0,0.0
1740,natubhai_loop,1,0.0,19.0,0.164
1740,newsama_e,1,44.152,0.0,0.013
1740,newsama_w,4,27.99,21.0,0.053
1740,oldpadra_n,3,46.259,0.0,0.028
1740,oldpadra_s,1,45.413,0.0,0.009
1740,racecourse_n,0,50.004,0.0,0.0
1740,racecourse_s,12,21.715,114.0,0.108
1740,raopura_e,13,0.0,257.0,0.347
1740,raopura_w,4,16.577,34.0,0.107
1740,rcdutt_e,3,33.773,0.0,0.026
1740,rcdutt_w,2,46.811,0.0,0.017
1750,dandia_e,14,0.952,417.0,0.375
1750,dandia_w,4,28.244,0.0,0.115
1750,gotri_n,2,46.292,0.0,0.01
1750,gotri_s,5,41.323,0.0,0.025
1750,jetalpur_e,36,2.81,694.0,0.452
1750,jetalpur_w,6,1.893,74.0,0.076
1750,manjalpur_n,6,5.714,250.0,0.084
1750,manjalpur_s,0,39.996,0.0,0.0
1750,natubhai_loop,1,0.0,29.0,0.164
1750,newsama_e,3,45.869,0.0,0.04
1750,newsama_w,4,26.949,3.0,0.053
1750,oldpadra_n,3,43.062,0.0,0.028
1750,oldpadra_s,0,50.004,0.0,0.0
1750,racecourse_n,0,50.004,0.0,0.0
1750,racecourse_s,12,23.588,174.0,0.107
1750,raopura_e,13,0.0,387.0,0.347
1750,raopura_w,4,12.34,1.0,0.107
1750,rcdutt_e,2,45.886,0.0,0.017
1750,rcdutt_w,1,29.942,0.0,0.009
1760,dandia_e,15,5.831,29.0,0.406
1760,dandia_w,3,16.891,0.0,0.078
1760,gotri_n,8,43.762,0.0,0.04
1760,gotri_s,8,33.479,11.0,0.04
1760,jetalpur_e,33,5.307,527.0,0.415
1760,jetalpur_w,2,47.076,0.0,0.025
1760,manjalpur_n,9,14.33,346.0,0.126
1760,manjalpur_s,6,32.463,0.0,0.084
1760,natubhai_loop,1,0.0,45.0,0.164
1760,newsama_e,2,45.644,0.0,0.027
1760,newsama_w,1,49.951,0.0,0.013
1760,oldpadra_n,0,50.004,0.0,0.0
1760,oldpadra_s,0,50.004,0.0,0.0
1760,racecourse_n,4,42.054,0.0,0.036
1760,racecourse_s,13,16.138,31.0,0.116
1760,raopura_e,10,7.542,163.0,0.267
1760,raopura_w,4,36.885,0.0,0.107
1760,rcdutt_e,0,50.004,0.0,0.0
1760,rcdutt_w,4,46.409,0.0,0.034
1770,dandia_e,17,0.002,152.0,0.441
1770,dandia_w,0,39.996,0.0,0.0
1770,gotri_n,12,46.363,0.0,0.059
1770,gotri_s,13,28.605,65.0,0.064
1770,jetalpur_e,22,10.334,110.0,0.271
1770,jetalpur_w,1,47.923,0.0,0.013
1770,manjalpur_n,8,6.722,14.0,0.112
1770,manjalpur_s,5,37.65,0.0,0.07
1770,natubhai_loop,1,0.0,61.0,0.164
1770,newsama_e,2,47.391,0.0,0.027
1770,newsama_w,2,45.875,0.0,0.027
1770,oldpadra_n,0,50.004,0.0,0.0
1770,oldpadra_s,6,43.222,0.0,0.057
1770,racecourse_n,1,44.934,0.0,0.016
1770,racecourse_s,12,8.196,43.0,0.107
1770,raopura_e,11,4.974,9.0,0.293
1770,raopura_w,3,37.892,0.0,0.08
1770,rcdutt_e,4,40.764,0.0,0.034
1770,rcdutt_w,5,42.448,0.0,0.043
1780,dandia_e,15,1.938,32.0,0.389
1780,dandia_w,0,39.996,0.0,0.0
1780,gotri_n,14,45.056,0.0,0.069
1780,gotri_s,15,23.733,119.0,0.074
1780,jetalpur_e,20,10.095,3.0,0.251
1780,jetalpur_w,2,48.39,0.0,0.025
1780,manjalpur_n,7,7.529,12.0,0.098
1780,manjalpur_s,7,37.194,0.0,0.083
1780,natubhai_loop,1,0.0,71.0,0.164
1780,newsama_e,2,45.889,0.0,0.027
1780,newsama_w,1,33.99,0.0,0.013
1780,oldpadra_n,0,50.004,0.0,0.0
1780,oldpadra_s,6,45.738,0.0,0.057
1780,racecourse_n,1,48.26,0.0,0.009
1780,racecourse_s,16,19.917,118.0,0.143
1780,raopura_e,12,4.098,28.0,0.32
1780,raopura_w,2,40.079,0.0,0.053
1780,rcdutt_e,7,43.502,0.0,0.06
1780,rcdutt_w,3,23.059,0.0,0.026
1790,dandia_e,15,7.233,23.0,0.389
1790,dandia_w,4,28.56,0.0,0.104
1790,gotri_n,10,42.3,0.0,0.049
1790,gotri_s,10,44.362,0.0,0.05
1790,jetalpur_e,24,6.359,20.0,0.302
1790,jetalpur_w,9,39.457,0.0,0.104
1790,manjalpur_n,7,5.183,31.0,0.098
1790,manjalpur_s,4,37.74,0.0,0.056
1790,natubhai_loop,1,0.0,81.0,0.164
1790,newsama_e,0,50.004,0.0,0.0
1790,newsama_w,1,25.002,9.0,0.013
1790,oldpadra_n,0,50.004,0.0,0.0
1790,oldpadra_s,4,46.196,0.0,0.038
1790,racecourse_n,1,48.588,0.0,0.009
1790,racecourse_s,20,23.742,208.0,0.178
1790,raopura_e,12,3.089,120.0,0.32
1790,raopura_w,2,0.002,10.0,0.053
1790,rcdutt_e,5,43.665,0.0,0.043
1790,rcdutt_w,1,49.044,0.0,0.009
1800,dandia_e,16,2.494,204.0,0.415
1800,dandia_w,0,39.996,0.0,0.0
1800,gotri_n,4,39.997,0.0,0.02
1800,gotri_s,4,46.698,0.0,0.02
1800,jetalpur_e,25,0.601,211.0,0.314
1800,jetalpur_w,16,19.197,22.0,0.201
1800,manjalpur_n,8,8.932,143.0,0.112
1800,manjalpur_s,2,38.304,0.0,0.028
1800,natubhai_loop,1,0.0,97.0,0.164
1800,newsama_e,1,41.246,0.0,0.008
1800,newsama_w,2,22.523,25.0,0.027
1800,oldpadra_n,0,50.004,0.0,0.0
1800,oldpadra_s,5,45.773,0.0,0.047
1800,racecourse_n,0,50.004,0.0,0.0
1800,racecourse_s,21,20.292,39.0,0.187
1800,raopura_e,11,5.299,80.0,0.293
1800,raopura_w,7,23.486,42.0,0.187
1800,rcdutt_e,2,49.059,0.0,0.017
1800,rcdutt_w,2,48.014,0.0,0.017
1810,dandia_e,16,0.0,360.0,0.415
1810,dandia_w,2,17.221,0.0,0.052
1810,gotri_n,2,36.309,0.0,0.01
1810,gotri_s,3,47.966,0.0,0.015
1810,jetalpur_e,26,0.032,434.0,0.327
1810,jetalpur_w,19,9.709,116.0,0.239
1810,manjalpur_n,8,4.444,220.0,0.112
1810,manjalpur_s,0,39.996,0.0,0.0
1810,natubhai_loop,0,29.988,0.0,0.0
1810,newsama_e,1,47.716,0.0,0.013
1810,newsama_w,2,16.668,42.0,0.027
1810,oldpadra_n,3,34.884,0.0,0.028
1810,oldpadra_s,5,44.826,0.0,0.047
1810,racecourse_n,1,48.373,0.0,0.009
1810,racecourse_s,18,10.775,136.0,0.16
1810,raopura_e,13,1.748,26.0,0.347
1810,raopura_w,9,7.224,81.0,0.24
1810,rcdutt_e,3,46.755,0.0,0.026
1810,rcdutt_w,1,49.879,0.0,0.009
1820,dandia_e,16,0.0,520.0,0.415
1820,dandia_w,2,0.0,17.0,0.052
1820,gotri_n,2,41.845,0.0,0.01
1820,gotri_s,4,47.311,0.0,0.02
1820,jetalpur_e,27,0.068,694.0,0.339
1820,jetalpur_w,19,0.06,262.0,0.239
1820,manjalpur_n,8,4.444,300.0,0.112
1820,manjalpur_s,0,39.996,0.0,0.0
1820,natubhai_loop,0,29.988,0.0,0.0
1820,newsama_e,0,50.004,0.0,0.0
1820,newsama_w,3,24.514,62.0,0.04
1820,oldpadra_n,4,45.369,0.0,0.038
1820,oldpadra_s,2,46.02,0.0,0.019
1820,racecourse_n,1,48.486,0.0,0.009
1820,racecourse_s,17,2.848,282.0,0.152
1820,raopura_e,13,1.18,113.0,0.347
1820,raopura_w,9,0.0,160.0,0.24
1820,rcdutt_e,2,48.382,0.0,0.017
1820,rcdutt_w,1,30.379,0.0,0.009
1830,dandia_e,12,5.921,10.0,0.321
1830,dandia_w,8,28.03,37.0,0.208
1830,gotri_n,2,41.236,0.0,0.01
1830,gotri_s,4,23.761,11.0,0.02
1830,jetalpur_e,27,7.57,423.0,0.349
1830,jetalpur_w,13,14.749,50.0,0.163
1830,manjalpur_n,10,10.168,212.0,0.14
1830,manjalpur_s,6,37.55,0.0,0.084
1830,natubhai_loop,1,23.114,0.0,0.113
1830,newsama_e,0,50.004,0.0,0.0
1830,newsama_w,3,45.723,0.0,0.04
1830,oldpadra_n,7,42.119,0.0,0.066
1830,oldpadra_s,1,44.49,0.0,0.009
1830,racecourse_n,0,50.004,0.0,0.0
1830,racecourse_s,15,8.101,224.0,0.143
1830,raopura_e,14,2.232,233.0,0.374
1830,raopura_w,1,35.816,0.0,0.027
1830,rcdutt_e,3,15.998,3.0,0.026
1830,rcdutt_w,0,50.004,0.0,0.0
1840,dandia_e,14,2.924,22.0,0.346
1840,dandia_w,12,0.093,102.0,0.312
1840,gotri_n,6,45.098,0.0,0.03
1840,gotri_s,5,25.599,37.0,0.025
1840,jetalpur_e,24,7.185,159.0,0.302
1840,jetalpur_w,6,38.961,0.0,0.075
1840,manjalpur_n,15,14.02,300.0,0.21
1840,manjalpur_s,6,37.284,0.0,0.09
1840,natubhai_loop,3,0.008,16.0,0.493
1840,newsama_e,2,48.996,0.0,0.027
1840,newsama_w,1,46.904,0.0,0.024
1840,oldpadra_n,4,44.46,0.0,0.038
1840,oldpadra_s,1,46.183,0.0,0.005
1840,racecourse_n,0,50.004,0.0,0.0
1840,racecourse_s,14,20.397,2.0,0.125
1840,raopura_e,15,0.0,411.0,0.4
1840,raopura_w,0,39.996,0.0,0.0
1840,rcdutt_e,3,16.219,29.0,0.026
1840,rcdutt_w,7,43.14,0.0,0.06
1850,dandia_e,11,10.325,2.0,0.303
1850,dandia_w,9,15.491,0.0,0.236
1850,gotri_n,8,44.904,0.0,0.039
1850,gotri_s,9,25.423,75.0,0.044
1850,jetalpur_e,23,5.374,11.0,0.29
1850,jetalpur_w,4,45.27,0.0,0.05
1850,manjalpur_n,20,5.208,451.0,0.28
1850,manjalpur_s,0,39.996,0.0,0.0
1850,natubhai_loop,3,0.0,55.0,0.493
1850,newsama_e,3,47.486,0.0,0.04
1850,newsama_w,1,49.219,0.0,0.013
1850,oldpadra_n,0,50.004,0.0,0.0
1850,oldpadra_s,7,45.12,0.0,0.066
1850,racecourse_n,1,39.711,0.0,0.009
1850,racecourse_s,16,7.959,79.0,0.143
1850,raopura_e,13,1.996,51.0,0.347
1850,raopura_w,7,35.864,0.0,0.203
1850,rcdutt_e,3,0.0,60.0,0.026
1850,rcdutt_w,6,43.712,0.0,0.051
1860,dandia_e,12,6.901,6.0,0.312
1860,dandia_w,9,16.436,12.0,0.25
1860,gotri_n,7,45.991,0.0,0.035
1860,gotri_s,8,43.188,0.0,0.043
1860,jetalpur_e,26,4.563,12.0,0.319
1860,jetalpur_w,8,31.445,0.0,0.096
1860,manjalpur_n,20,1.905,697.0,0.28
1860,manjalpur_s,6,39.352,0.0,0.084
1860,natubhai_loop,3,3.33,1.0,0.51
1860,newsama_e,0,50.004,0.0,0.0
1860,newsama_w,1,46.92,0.0,0.013
1860,oldpadra_n,0,50.004,0.0,0.0
1860,oldpadra_s,3,44.895,0.0,0.028
1860,racecourse_n,7,39.483,0.0,0.062
1860,racecourse_s,14,15.702,35.0,0.118
1860,raopura_e,14,1.407,54.0,0.354
1860,raopura_w,4,6.262,8.0,0.103
1860,rcdutt_e,0,50.004,0.0,0.007
1860,rcdutt_w,2,43.879,0.0,0.017
1870,dandia_e,15,0.37,134.0,0.389
1870,dandia_w,5,20.398,8.0,0.13
1870,gotri_n,3,46.929,0.0,0.015
1870,gotri_s,9,45.38,0.0,0.045
1870,jetalpur_e,28,2.395,181.0,0.352
1870,jetalpur_w,10,8.14,49.0,0.12
1870,manjalpur_n,20,1.905,1017.0,0.28
1870,manjalpur_s,0,39.996,0.0,0.0
1870,natubhai_loop,2,9.545,0.0,0.329
1870,newsama_e,1,48.373,0.0,0.013
1870,newsama_w,4,30.698,4.0,0.053
1870,oldpadra_n,0,50.004,0.0,0.0
1870,oldpadra_s,5,46.192,0.0,0.047
1870,racecourse_n,12,42.567,0.0,0.107
1870,racecourse_s,15,17.721,8.0,0.134
1870,raopura_e,13,2.51,21.0,0.34
1870,raopura_w,8,10.107,64.0,0.213
1870,rcdutt_e,1,47.764,0.0,0.009
1870,rcdutt_w,2,49.336,0.0,0.017
1880,dandia_e,16,0.401,329.0,0.415
1880,dandia_w,0,39.996,0.0,0.0
1880,gotri_n,2,47.039,0.0,0.01
1880,gotri_s,6,46.576,0.0,0.03
1880,jetalpur_e,29,0.049,460.0,0.364
1880,jetalpur_w,13,10.114,159.0,0.163
1880,manjalpur_n,20,1.905,1277.0,0.28
1880,manjalpur_s,1,42.313,0.0,0.014
1880,natubhai_loop,1,0.0,9.0,0.277
1880,newsama_e,1,49.869,0.0,0.013
1880,newsama_w,5,9.94,22.0,0.066
1880,oldpadra_n,0,50.004,0.0,0.0
1880,oldpadra_s,1,46.071,0.0,0.009
1880,racecourse_n,8,44.585,0.0,0.071
1880,racecourse_s,13,7.962,75.0,0.116
1880,raopura_e,12,3.796,3.0,0.32
1880,raopura_w,11,1.152,158.0,0.293
1880,rcdutt_e,3,35.109,0.0,0.026
1880,rcdutt_w,2,47.234,0.0,0.017
1890,dandia_e,16,0.0,489.0,0.415
1890,dandia_w,1,38.197,0.0,0.026
1890,gotri_n,0,50.004,0.0,0.0
1890,gotri_s,4,43.19,0.0,0.02
1890,jetalpur_e,29,0.001,744.0,0.364
1890,jetalpur_w,15,7.109,207.0,0.182
1890,manjalpur_n,20,1.905,1477.0,0.28
1890,manjalpur_s,1,43.009,0.0,0.014
1890,natubhai_loop,1,0.001,5.0,0.164
1890,newsama_e,0,50.004,0.0,0.0
1890,newsama_w,5,5.705,62.0,0.066
1890,oldpadra_n,1,48.859,0.0,0.009
1890,oldpadra_s,0,50.004,0.0,0.0
1890,racecourse_n,4,34.909,0.0,0.036
1890,racecourse_s,11,4.112,174.0,0.098
1890,raopura_e,14,2.911,68.0,0.374
1890,raopura_w,11,0.0,266.0,0.293
1890,rcdutt_e,6,39.556,10.0,0.051
1890,rcdutt_w,3,43.258,0.0,0.026
1900,dandia_e,13,2.857,556.0,0.337
1900,dandia_w,5,29.719,4.0,0.13
1900,gotri_n,1,36.064,0.0,0.005
1900,gotri_s,4,22.294,12.0,0.02
1900,jetalpur_e,27,2.689,528.0,0.331
1900,jetalpur_w,13,25.202,6.0,0.163
1900,manjalpur_n,20,1.905,1677.0,0.28
1900,manjalpur_s,4,36.246,0.0,0.056
1900,natubhai_loop,1,0.0,15.0,0.164
1900,newsama_e,2,41.615,0.0,0.027
1900,newsama_w,0,50.004,0.0,0.006
1900,oldpadra_n,2,48.335,0.0,0.019
1900,oldpadra_s,1,49.287,0.0,0.009
1900,racecourse_n,2,28.79,0.0,0.018
1900,racecourse_s,12,7.689,274.0,0.107
1900,raopura_e,14,0.0,201.0,0.374
1900,raopura_w,5,21.519,0.0,0.133
1900,rcdutt_e,8,32.294,20.0,0.069
1900,rcdutt_w,2,47.019,0.0,0.017
1910,dandia_e,13,2.857,686.0,0.337
1910,dandia_w,12,14.447,19.0,0.298
1910,gotri_n,5,41.592,0.0,0.025
1910,gotri_s,6,13.898,40.0,0.03
1910,jetalpur_e,24,4.762,347.0,0.296
1910,jetalpur_w,8,23.976,0.0,0.101
1910,manjalpur_n,21,3.649,1877.0,0.294
1910,manjalpur_s,13,33.707,0.0,0.182
1910,natubhai_loop,1,0.0,25.0,0.164
1910,newsama_e,2,41.666,0.0,0.027
1910,newsama_w,0,50.004,0.0,0.0
1910,oldpadra_n,3,45.907,0.0,0.028
1910,oldpadra_s,1,49.988,0.0,0.009
1910,racecourse_n,0,50.004,0.0,0.0
1910,racecourse_s,11,4.268,374.0,0.098
1910,raopura_e,14,0.0,341.0,0.374
1910,raopura_w,0,39.996,0.0,0.0
1910,rcdutt_e,12,24.96,52.0,0.103
1910,rcdutt_w,1,38.752,0.0,0.011
1920,dandia_e,13,6.605,590.0,0.36
1920,dandia_w,14,11.068,10.0,0.363
1920,gotri_n,10,44.402,0.0,0.049
1920,gotri_s,9,23.53,104.0,0.044
1920,jetalpur_e,18,12.384,1.0,0.225
1920,jetalpur_w,0,50.004,0.0,0.0
1920,manjalpur_n,22,4.8,1214.0,0.308
1920,manjalpur_s,3,37.311,0.0,0.046
1920,natubhai_loop,1,0.0,41.0,0.164
1920,newsama_e,1,49.056,0.0,0.013
1920,newsama_w,3,45.752,0.0,0.04
1920,oldpadra_n,2,45.231,0.0,0.019
1920,oldpadra_s,7,44.615,0.0,0.063
1920,racecourse_n,1,35.617,0.0,0.004
1920,racecourse_s,15,11.447,539.0,0.134
1920,raopura_e,11,5.068,146.0,0.293
1920,raopura_w,4,36.929,0.0,0.107
1920,rcdutt_e,10,15.131,132.0,0.086
1920,rcdutt_w,4,46.056,0.0,0.034
1930,dandia_e,12,7.458,1.0,0.312
1930,dandia_w,8,15.483,0.0,0.208
1930,gotri_n,11,43.409,0.0,0.054
1930,gotri_s,5,43.296,0.0,0.025
1930,jetalpur_e,20,9.766,5.0,0.251
1930,jetalpur_w,4,39.267,0.0,0.05
1930,manjalpur_n,24,7.615,31.0,0.336
1930,manjalpur_s,4,37.478,0.0,0.056
1930,natubhai_loop,0,29.988,0.0,0.009
1930,newsama_e,0,50.004,0.0,0.0
1930,newsama_w,1,25.011,2.0,0.013
1930,oldpadra_n,0,50.004,0.0,0.0
1930,oldpadra_s,6,46.933,0.0,0.057
1930,racecourse_n,7,40.845,0.0,0.062
1930,racecourse_s,15,2.125,700.0,0.131
1930,raopura_e,13,7.595,4.0,0.328
1930,raopura_w,3,25.149,2.0,0.08
1930,rcdutt_e,7,6.878,31.0,0.064
1930,rcdutt_w,3,44.623,0.0,0.026
1940,dandia_e,16,2.528,74.0,0.411
1940,dandia_w,1,20.14,1.0,0.026
1940,gotri_n,5,42.571,0.0,0.025
1940,gotri_s,4,42.693,0.0,0.02
1940,jetalpur_e,26,4.162,133.0,0.327
1940,jetalpur_w,8,25.724,10.0,0.101
1940,manjalpur_n,24,0.433,267.0,0.336
1940,manjalpur_s,2,38.678,0.0,0.028
1940,natubhai_loop,0,29.988,0.0,0.0
1940,newsama_e,0,50.004,0.0,0.0
1940,newsama_w,1,25.002,18.0,0.013
1940,oldpadra_n,1,47.366,0.0,0.009
1940,oldpadra_s,2,48.156,0.0,0.019
1940,racecourse_n,11,43.336,0.0,0.098
1940,racecourse_s,18,16.916,38.0,0.16
1940,raopura_e,14,1.882,51.0,0.374
1940,raopura_w,7,12.18,35.0,0.187
1940,rcdutt_e,3,41.591,0.0,0.026
1940,rcdutt_w,2,48.709,0.0,0.017
1950,dandia_e,18,4.287,315.0,0.467
1950,dandia_w,0,39.996,0.0,0.0
1950,gotri_n,2,45.908,0.0,0.01
1950,gotri_s,4,48.676,0.0,0.02
1950,jetalpur_e,29,4.294,434.0,0.364
1950,jetalpur_w,9,0.687,83.0,0.113
1950,manjalpur_n,24,0.0,640.0,0.336
1950,manjalpur_s,0,39.996,0.0,0.0
1950,natubhai_loop,0,29.988,0.0,0.0
1950,newsama_e,1,41.73,0.0,0.013
1950,newsama_w,1,25.002,34.0,0.013
1950,oldpadra_n,1,46.331,0.0,0.009
1950,oldpadra_s,2,46.296,0.0,0.019
1950,racecourse_n,2,46.21,0.0,0.018
1950,racecourse_s,17,9.24,213.0,0.152
1950,raopura_e,12,3.079,234.0,0.32
1950,raopura_w,8,4.714,135.0,0.213
1950,rcdutt_e,5,45.695,0.0,0.045
1950,rcdutt_w,0,50.004,0.0,0.0
1960,dandia_e,17,0.016,442.0,0.445
1960,dandia_w,0,39.996,0.0,0.0
1960,gotri_n,0,50.004,0.0,0.0
1960,gotri_s,7,46.744,0.0,0.035
1960,jetalpur_e,30,5.081,565.0,0.38
1960,jetalpur_w,7,1.029,64.0,0.094
1960,manjalpur_n,24,0.569,834.0,0.334
1960,manjalpur_s,0,39.996,0.0,0.0
1960,natubhai_loop,0,29.988,0.0,0.0
1960,newsama_e,1,44.642,0.0,0.013
1960,newsama_w,2,46.988,0.0,0.032
1960,oldpadra_n,0,50.004,0.0,0.001
1960,oldpadra_s,1,45.619,0.0,0.009
1960,racecourse_n,0,50.004,0.0,0.0
1960,racecourse_s,15,5.81,343.0,0.134
1960,raopura_e,12,3.077,354.0,0.32
1960,raopura_w,7,6.598,71.0,0.192
1960,rcdutt_e,7,38.381,0.0,0.06
1960,rcdutt_w,0,50.004,0.0,0.0
1970,dandia_e,15,0.001,542.0,0.389
1970,dandia_w,4,32.819,0.0,0.104
1970,gotri_n,0,50.004,0.0,0.0
1970,gotri_s,7,32.726,2.0,0.035
1970,jetalpur_e,28,5.121,360.0,0.342
1970,jetalpur_w,4,40.178,0.0,0.055
1970,manjalpur_n,22,0.3,909.0,0.308
1970,manjalpur_s,8,37.591,0.0,0.112
1970,natubhai_loop,0,29.988,0.0,0.0
1970,newsama_e,3,44.969,0.0,0.04
1970,newsama_w,2,47.689,0.0,0.027
1970,oldpadra_n,0,50.004,0.0,0.0
1970,oldpadra_s,0,50.004,0.0,0.0
1970,racecourse_n,0,50.004,0.0,0.0
1970,racecourse_s,15,6.157,473.0,0.134
1970,raopura_e,15,6.297,474.0,0.4
1970,raopura_w,0,39.996,0.0,0.0
1970,rcdutt_e,7,19.637,17.0,0.06
1970,rcdutt_w,2,46.81,0.0,0.017
1980,dandia_e,13,2.879,643.0,0.337
1980,dandia_w,7,14.453,14.0,0.182
1980,gotri_n,4,43.819,0.0,0.02
1980,gotri_s,9,31.583,30.0,0.044
1980,jetalpur_e,24,9.542,90.0,0.302
1980,jetalpur_w,2,47.954,0.0,0.025
1980,manjalpur_n,20,1.905,1062.0,0.28
1980,manjalpur_s,7,37.784,0.0,0.098
1980,natubhai_loop,0,29.988,0.0,0.0
1980,newsama_e,4,45.523,0.0,0.042
1980,newsama_w,2,43.404,0.0,0.027
1980,oldpadra_n,0,50.004,0.0,0.0
1980,oldpadra_s,1,47.824,0.0,0.009
1980,racecourse_n,0,50.004,0.0,0.0
1980,racecourse_s,14,3.674,603.0,0.125
1980,raopura_e,17,4.531,606.0,0.454
1980,raopura_w,0,39.996,0.0,0.0
1980,rcdutt_e,6,5.562,63.0,0.051
1980,rcdutt_w,4,47.294,0.0,0.034
1990,dandia_e,12,2.192,456.0,0.312
1990,dandia_w,10,6.567,66.0,0.26
1990,gotri_n,10,43.517,0.0,0.049
1990,gotri_s,9,16.737,61.0,0.044
1990,jetalpur_e,18,11.446,0.0,0.226
1990,jetalpur_w,0,50.004,0.0,0.0
1990,manjalpur_n,20,0.0,1262.0,0.28
1990,manjalpur_s,1,41.38,0.0,0.014
1990,natubhai_loop,0,29.988,0.0,0.0
1990,newsama_e,2,45.062,0.0,0.027
1990,newsama_w,1,45.662,0.0,0.013
1990,oldpadra_n,2,47.009,0.0,0.019
1990,oldpadra_s,4,47.746,0.0,0.038
1990,racecourse_n,0,50.004,0.0,0.0
1990,racecourse_s,14,3.334,742.0,0.125
1990,raopura_e,17,0.0,767.0,0.454
1990,raopura_w,0,39.996,0.0,0.0
1990,rcdutt_e,5,8.334,113.0,0.043
1990,rcdutt_w,5,40.903,0.0,0.043
2000,dandia_e,8,13.819,0.0,0.208
2000,dandia_w,6,9.412,0.0,0.156
2000,gotri_n,16,44.456,0.0,0.079
2000,gotri_s,13,21.027,145.0,0.064
2000,jetalpur_e,17,16.302,0.0,0.214
2000,jetalpur_w,1,46.766,0.0,0.013
2000,manjalpur_n,18,5.241,9.0,0.252
2000,manjalpur_s,0,39.996,0.0,0.0
2000,natubhai_loop,0,29.988,0.0,0.0
2000,newsama_e,2,43.403,0.0,0.027
2000,newsama_w,0,50.004,0.0,0.0
2000,oldpadra_n,1,45.34,0.0,0.009
2000,oldpadra_s,3,48.455,0.0,0.028
2000,racecourse_n,0,50.004,0.0,0.0
2000,racecourse_s,19,14.14,273.0,0.169
2000,raopura_e,18,6.833,156.0,0.476
2000,raopura_w,2,35.187,0.0,0.053
2000,rcdutt_e,7,17.889,178.0,0.06
2000,rcdutt_w,3,43.013,0.0,0.026
2010,dandia_e,17,1.712,101.0,0.441
2010,dandia_w,2,0.0,17.0,0.052
2010,gotri_n,13,44.396,0.0,0.064
2010,gotri_s,4,42.57,0.0,0.02
2010,jetalpur_e,23,5.14,87.0,0.288
2010,jetalpur_w,8,40.571,5.0,0.101
2010,manjalpur_n,20,3.006,130.0,0.28
2010,manjalpur_s,0,39.996,0.0,0.0
2010,natubhai_loop,1,30.41,0.0,0.164
2010,newsama_e,2,48.3,0.0,0.027
2010,newsama_w,0,50.004,0.0,0.0
2010,oldpadra_n,0,50.004,0.0,0.0
2010,oldpadra_s,1,49.067,0.0,0.009
2010,racecourse_n,3,42.631,0.0,0.027
2010,racecourse_s,17,12.568,14.0,0.152
2010,raopura_e,14,0.757,73.0,0.374
2010,raopura_w,6,0.395,15.0,0.16
2010,rcdutt_e,1,32.887,0.0,0.015
2010,rcdutt_w,1,48.996,0.0,0.009
2020,dandia_e,19,0.0,321.0,0.493
2020,dandia_w,2,38.037,0.0,0.052
2020,gotri_n,6,44.522,0.0,0.03
2020,gotri_s,3,41.394,0.0,0.015
2020,jetalpur_e,28,2.343,290.0,0.352
2020,jetalpur_w,8,0.19,44.0,0.101
2020,manjalpur_n,20,0.001,365.0,0.28
2020,manjalpur_s,0,39.996,0.0,0.0
2020,natubhai_loop,2,15.092,10.0,0.329
2020,newsama_e,0,50.004,0.0,0.0
2020,newsama_w,2,45.976,0.0,0.027
2020,oldpadra_n,0,50.004,0.0,0.0
2020,oldpadra_s,0,50.004,0.0,0.0
2020,racecourse_n,2,47.581,0.0,0.018
2020,racecourse_s,17,15.622,10.0,0.152
2020,raopura_e,12,0.0,188.0,0.32
2020,raopura_w,8,0.311,93.0,0.213
2020,rcdutt_e,0,50.004,0.0,0.0
2020,rcdutt_w,0,50.004,0.0,0.0
2030,dandia_e,20,1.876,625.0,0.519
2030,dandia_w,0,39.996,0.0,0.0
2030,gotri_n,2,46.372,0.0,0.01
2030,gotri_s,2,36.346,0.0,0.01
2030,jetalpur_e,28,0.001,707.0,0.352
2030,jetalpur_w,11,8.056,172.0,0.138
2030,manjalpur_n,20,0.0,685.0,0.28
2030,manjalpur_s,0,39.996,0.0,0.0
2030,natubhai_loop,0,29.988,0.0,0.0
2030,newsama_e,0,50.004,0.0,0.0
2030,newsama_w,0,50.004,0.0,0.0
2030,oldpadra_n,1,50.004,0.0,0.009
2030,oldpadra_s,0,50.004,0.0,0.0
2030,racecourse_n,1,49.438,0.0,0.009
2030,racecourse_s,18,6.062,89.0,0.16
2030,raopura_e,13,3.279,35.0,0.347
2030,raopura_w,10,7.1,221.0,0.267
2030,rcdutt_e,0,50.004,0.0,0.0
2030,rcdutt_w,0,50.004,0.0,0.0
2040,dandia_e,16,4.498,583.0,0.415
2040,dandia_w,4,41.25,0.0,0.104
2040,gotri_n,5,44.695,0.0,0.025
2040,gotri_s,2,23.708,7.0,0.01
2040,jetalpur_e,26,4.742,450.0,0.329
2040,jetalpur_w,4,17.717,0.0,0.056
2040,manjalpur_n,18,3.326,383.0,0.252
2040,manjalpur_s,6,33.461,0.0,0.084
2040,natubhai_loop,0,29.988,0.0,0.0
2040,newsama_e,0,50.004,0.0,0.0
2040,newsama_w,0,50.004,0.0,0.0
2040,oldpadra_n,4,45.734,0.0,0.038
2040,oldpadra_s,0,50.004,0.0,0.0
2040,racecourse_n,1,49.684,0.0,0.009
2040,racecourse_s,14,1.47,207.0,0.125
2040,raopura_e,16,3.701,63.0,0.414
2040,raopura_w,5,28.784,0.0,0.111
2040,rcdutt_e,1,49.712,0.0,0.009
2040,rcdutt_w,3,48.185,0.0,0.026
2050,dandia_e,13,2.857,713.0,0.337
2050,dandia_w,5,23.495,5.0,0.114
2050,gotri_n,8,44.076,0.0,0.04
2050,gotri_s,2,24.343,17.0,0.01
2050,jetalpur_e,25,13.086,274.0,0.319
2050,jetalpur_w,3,36.502,0.0,0.038
2050,manjalpur_n,19,4.842,149.0,0.253
2050,manjalpur_s,12,34.276,0.0,0.163
2050,natubhai_loop,0,29.988,0.0,0.0
2050,newsama_e,1,46.287,0.0,0.013
2050,newsama_w,0,50.004,0.0,0.0
2050,oldpadra_n,3,48.666,0.0,0.036
2050,oldpadra_s,0,50.004,0.0,0.0
2050,racecourse_n,3,44.854,0.0,0.027
2050,racecourse_s,13,3.572,337.0,0.116
2050,raopura_e,16,0.809,95.0,0.424
2050,raopura_w,1,38.499,0.0,0.049
2050,rcdutt_e,2,48.637,0.0,0.017
2050,rcdutt_w,5,47.222,0.0,0.043
2060,dandia_e,13,2.857,882.0,0.337
2060,dandia_w,5,0.03,42.0,0.13
2060,gotri_n,12,43.884,0.0,0.059
2060,gotri_s,2,23.025,30.0,0.01
2060,jetalpur_e,18,9.609,0.0,0.231
2060,jetalpur_w,5,44.707,0.0,0.063
2060,manjalpur_n,22,2.187,239.0,0.308
2060,manjalpur_s,4,34.188,0.0,0.059
2060,natubhai_loop,0,29.988,0.0,0.0
2060,newsama_e,1,48.577,0.0,0.013
2060,newsama_w,0,50.004,0.0,0.0
2060,oldpadra_n,1,45.535,0.0,0.009
2060,oldpadra_s,6,43.639,0.0,0.055
2060,racecourse_n,2,46.735,0.0,0.018
2060,racecourse_s,16,7.752,506.0,0.143
2060,raopura_e,16,0.066,217.0,0.427
2060,raopura_w,0,39.996,0.0,0.0
2060,rcdutt_e,4,38.65,4.0,0.034
2060,rcdutt_w,2,38.11,0.0,0.017
2070,dandia_e,13,8.505,0.0,0.337
2070,dandia_w,2,36.222,0.0,0.071
2070,gotri_n,15,45.439,0.0,0.074
2070,gotri_s,2,43.659,0.0,0.018
2070,jetalpur_e,18,13.267,1.0,0.226
2070,jetalpur_w,3,42.095,0.0,0.038
2070,manjalpur_n,23,7.171,247.0,0.312
2070,manjalpur_s,1,39.992,0.0,0.014
2070,natubhai_loop,0,29.988,0.0,0.0
2070,newsama_e,1,46.832,0.0,0.013
2070,newsama_w,0,50.004,0.0,0.0
2070,oldpadra_n,2,46.486,0.0,0.025
2070,oldpadra_s,6,45.136,0.0,0.057
2070,racecourse_n,4,42.129,0.0,0.036
2070,racecourse_s,20,14.29,555.0,0.178
2070,raopura_e,14,3.035,17.0,0.374
2070,raopura_w,2,16.925,0.0,0.053
2070,rcdutt_e,5,35.053,7.0,0.05
2070,rcdutt_w,0,50.004,0.0,0.0
2080,dandia_e,15,0.82,39.0,0.389
2080,dandia_w,0,39.996,0.0,0.0
2080,gotri_n,12,45.541,0.0,0.059
2080,gotri_s,2,48.086,0.0,0.01
2080,jetalpur_e,21,7.459,38.0,0.264
2080,jetalpur_w,5,26.98,15.0,0.063
2080,manjalpur_n,23,0.77,381.0,0.322
2080,manjalpur_s,0,39.996,0.0,0.0
2080,natubhai_loop,0,29.988,0.0,0.0
2080,newsama_e,1,47.867,0.0,0.013
2080,newsama_w,0,50.004,0.0,0.0
2080,oldpadra_n,2,47.14,0.0,0.019
2080,oldpadra_s,3,45.704,0.0,0.028
2080,racecourse_n,7,45.099,0.0,0.062
2080,racecourse_s,19,14.489,82.0,0.169
2080,raopura_e,15,0.942,68.0,0.4
2080,raopura_w,2,0.0,13.0,0.053
2080,rcdutt_e,4,44.507,0.0,0.034
2080,rcdutt_w,1,47.201,0.0,0.009
2090,dandia_e,15,0.111,104.0,0.389
2090,dandia_w,0,39.996,0.0,0.0
2090,gotri_n,7,45.305,0.0,0.035
2090,gotri_s,2,47.603,0.0,0.01
2090,jetalpur_e,24,6.776,135.0,0.302
2090,jetalpur_w,7,21.975,42.0,0.088
2090,manjalpur_n,25,0.036,599.0,0.35
2090,manjalpur_s,0,39.996,0.0,0.0
2090,natubhai_loop,0,29.988,0.0,0.0
2090,newsama_e,0,50.004,0.0,0.0
2090,newsama_w,0,50.004,0.0,0.0
2090,oldpadra_n,0,50.004,0.0,0.0
2090,oldpadra_s,1,49.523,0.0,0.009
2090,racecourse_n,4,45.396,0.0,0.036
2090,racecourse_s,17,7.374,69.0,0.152
2090,raopura_e,15,0.313,124.0,0.4
2090,raopura_w,2,0.0,33.0,0.053
2090,rcdutt_e,3,47.16,0.0,0.026
2090,rcdutt_w,1,48.059,0.0,0.009
2100,dandia_e,15,0.013,251.0,0.389
2100,dandia_w,0,39.996,0.0,0.0
2100,gotri_n,4,47.064,0.0,0.02
2100,gotri_s,2,46.265,0.0,0.01
2100,jetalpur_e,26,4.377,300.0,0.327
2100,jetalpur_w,7,2.132,37.0,0.088
2100,manjalpur_n,25,0.0,849.0,0.35
2100,manjalpur_s,0,39.996,0.0,0.0
2100,natubhai_loop,0,29.988,0.0,0.0
2100,newsama_e,0,50.004,0.0,0.0
2100,newsama_w,2,45.492,0.0,0.027
2100,oldpadra_n,0,50.004,0.0,0.0
2100,oldpadra_s,0,50.004,0.0,0.0
2100,racecourse_n,0,50.004,0.0,0.0
2100,racecourse_s,16,6.771,128.0,0.143
2100,raopura_e,15,0.026,229.0,0.4
2100,raopura_w,2,0.0,53.0,0.053
2100,rcdutt_e,1,45.076,0.0,0.009
2100,rcdutt_w,0,50.004,0.0,0.0
2110,dandia_e,16,0.0,408.0,0.415
2110,dandia_w,0,39.996,0.0,0.0
2110,gotri_n,0,50.004,0.0,0.0
2110,gotri_s,1,42.747,0.0,0.005
2110,jetalpur_e,28,1.795,533.0,0.352
2110,jetalpur_w,8,6.431,81.0,0.101
2110,manjalpur_n,25,0.0,1099.0,0.35
2110,manjalpur_s,0,39.996,0.0,0.0
2110,natubhai_loop,0,29.988,0.0,0.0
2110,newsama_e,0,50.004,0.0,0.0
2110,newsama_w,2,45.581,0.0,0.027
2110,oldpadra_n,2,48.55,0.0,0.019
2110,oldpadra_s,0,50.004,0.0,0.0
2110,racecourse_n,0,50.004,0.0,0.0
2110,racecourse_s,17,6.227,62.0,0.152
2110,raopura_e,15,0.0,379.0,0.4
2110,raopura_w,3,10.239,73.0,0.08
2110,rcdutt_e,0,50.004,0.0,0.0
2110,rcdutt_w,0,50.004,0.0,0.0
2120,dandia_e,14,4.443,42.0,0.373
2120,dandia_w,3,32.149,0.0,0.063
2120,gotri_n,0,50.004,0.0,0.0
2120,gotri_s,2,49.984,0.0,0.01
2120,jetalpur_e,24,3.61,487.0,0.31
2120,jetalpur_w,7,30.318,0.0,0.088
2120,manjalpur_n,22,3.475,906.0,0.311
2120,manjalpur_s,2,38.94,0.0,0.028
2120,natubhai_loop,0,29.988,0.0,0.0
2120,newsama_e,1,47.031,0.0,0.013
2120,newsama_w,0,50.004,0.0,0.0
2120,oldpadra_n,2,47.934,0.0,0.019
2120,oldpadra_s,0,50.004,0.0,0.0
2120,racecourse_n,0,50.004,0.0,0.0
2120,racecourse_s,16,6.199,70.0,0.143
2120,raopura_e,18,3.795,486.0,0.454
2120,raopura_w,0,39.996,0.0,0.0
2120,rcdutt_e,2,47.852,0.0,0.017
2120,rcdutt_w,0,50.004,0.0,0.0
2130,dandia_e,14,2.588,31.0,0.373
2130,dandia_w,6,25.095,0.0,0.156
2130,gotri_n,4,45.585,0.0,0.02
2130,gotri_s,2,47.39,0.0,0.01
2130,jetalpur_e,21,8.382,281.0,0.264
2130,jetalpur_w,3,36.325,0.0,0.038
2130,manjalpur_n,22,4.261,339.0,0.322
2130,manjalpur_s,3,40.834,0.0,0.042
2130,natubhai_loop,1,0.075,1.0,0.164
2130,newsama_e,2,48.13,0.0,0.027
2130,newsama_w,0,50.004,0.0,0.0
2130,oldpadra_n,1,48.092,0.0,0.009
2130,oldpadra_s,0,50.004,0.0,0.0
2130,racecourse_n,1,34.935,0.0,0.006
2130,racecourse_s,14,6.101,41.0,0.125
2130,raopura_e,20,0.083,637.0,0.521
2130,raopura_w,1,35.927,0.0,0.027
2130,rcdutt_e,3,46.161,0.0,0.026
2130,rcdutt_w,0,50.004,0.0,0.0
2140,dandia_e,13,7.257,2.0,0.337
2140,dandia_w,7,21.62,9.0,0.182
2140,gotri_n,8,43.293,0.0,0.04
2140,gotri_s,2,48.366,0.0,0.01
2140,jetalpur_e,18,12.14,59.0,0.226
2140,jetalpur_w,0,50.004,0.0,0.0
2140,manjalpur_n,21,2.661,108.0,0.294
2140,manjalpur_s,1,38.624,0.0,0.014
2140,natubhai_loop,1,0.0,11.0,0.164
2140,newsama_e,1,44.823,0.0,0.013
2140,newsama_w,0,50.004,0.0,0.0
2140,oldpadra_n,1,47.864,0.0,0.009
2140,oldpadra_s,3,48.058,0.0,0.028
2140,racecourse_n,4,44.437,0.0,0.036
2140,racecourse_s,14,11.687,7.0,0.125
2140,raopura_e,22,0.005,834.0,0.575
2140,raopura_w,1,36.816,0.0,0.027
2140,rcdutt_e,3,22.882,3.0,0.026
2140,rcdutt_w,0,50.004,0.0,0.0
2150,dandia_e,9,17.078,0.0,0.234
2150,dandia_w,1,20.085,1.0,0.026
2150,gotri_n,15,44.035,0.0,0.074
2150,gotri_s,4,41.975,0.0,0.02
2150,jetalpur_e,18,25.067,0.0,0.217
2150,jetalpur_w,0,50.004,0.0,0.0
2150,manjalpur_n,22,4.101,308.0,0.308
2150,manjalpur_s,1,35.553,0.0,0.014
2150,natubhai_loop,1,0.0,27.0,0.164
2150,newsama_e,0,50.004,0.0,0.0
2150,newsama_w,1,48.135,0.0,0.013
2150,oldpadra_n,0,50.004,0.0,0.0
2150,oldpadra_s,3,46.881,0.0,0.028
2150,racecourse_n,7,45.439,0.0,0.062
2150,racecourse_s,12,7.64,14.0,0.107
2150,raopura_e,20,0.201,669.0,0.522
2150,raopura_w,2,34.103,0.0,0.053
2150,rcdutt_e,3,12.502,39.0,0.026
2150,rcdutt_w,4,43.82,0.0,0.034
2160,dandia_e,11,10.839,10.0,0.264
2160,dandia_w,3,25.58,11.0,0.078
2160,gotri_n,14,45.319,0.0,0.069
2160,gotri_s,2,44.928,0.0,0.01
2160,jetalpur_e,18,7.585,23.0,0.226
2160,jetalpur_w,2,48.174,0.0,0.025
2160,manjalpur_n,22,0.358,476.0,0.308
2160,manjalpur_s,3,36.986,0.0,0.042
2160,natubhai_loop,1,0.0,37.0,0.164
2160,newsama_e,0,50.004,0.0,0.0
2160,newsama_w,1,25.121,1.0,0.013
2160,oldpadra_n,1,48.231,0.0,0.009
2160,oldpadra_s,1,48.322,0.0,0.009
2160,racecourse_n,4,45.596,0.0,0.036
2160,racecourse_s,8,13.504,0.0,0.072
2160,raopura_e,20,0.406,138.0,0.521
2160,raopura_w,2,5.113,0.0,0.053
2160,rcdutt_e,0,50.004,0.0,0.006
2160,rcdutt_w,6,43.196,0.0,0.051
2170,dandia_e,16,4.798,112.0,0.415
2170,dandia_w,4,5.081,32.0,0.104
2170,gotri_n,9,45.192,0.0,0.044
2170,gotri_s,4,46.231,0.0,0.02
2170,jetalpur_e,18,1.51,136.0,0.226
2170,jetalpur_w,2,3.317,0.0,0.025
2170,manjalpur_n,22,1.673,748.0,0.308
2170,manjalpur_s,2,37.738,0.0,0.028
2170,natubhai_loop,4,0.128,56.0,0.658
2170,newsama_e,0,50.004,0.0,0.0
2170,newsama_w,4,37.532,14.0,0.053
2170,oldpadra_n,1,49.246,0.0,0.009
2170,oldpadra_s,1,45.402,0.0,0.009
2170,racecourse_n,1,48.908,0.0,0.009
2170,racecourse_s,7,25.273,1.0,0.062
2170,raopura_e,20,0.902,168.0,0.527
2170,raopura_w,2,0.0,26.0,0.053
2170,rcdutt_e,0,50.004,0.0,0.0
2170,rcdutt_w,2,46.988,0.0,0.017
2180,dandia_e,19,1.018,217.0,0.493
2180,dandia_w,1,39.847,0.0,0.026
2180,gotri_n,4,46.423,0.0,0.02
2180,gotri_s,4,45.297,0.0,0.02
2180,jetalpur_e,20,0.352,362.0,0.251
2180,jetalpur_w,2,0.0,23.0,0.025
2180,manjalpur_n,24,1.124,1028.0,0.336
2180,manjalpur_s,0,39.996,0.0,0.0
2180,natubhai_loop,4,0.0,108.0,0.658
2180,newsama_e,0,50.004,0.0,0.0
2180,newsama_w,5,18.374,29.0,0.066
2180,oldpadra_n,0,50.004,0.0,0.0
2180,oldpadra_s,2,48.437,0.0,0.019
2180,racecourse_n,0,50.004,0.0,0.0
2180,racecourse_s,7,25.242,19.0,0.062
2180,raopura_e,17,0.007,136.0,0.454
2180,raopura_w,6,17.562,52.0,0.16
2180,rcdutt_e,2,45.048,0.0,0.017
2180,rcdutt_w,0,50.004,0.0,0.0
2190,dandia_e,22,1.812,371.0,0.547
2190,dandia_w,0,39.996,0.0,0.0
2190,gotri_n,0,50.004,0.0,0.0
2190,gotri_s,2,46.671,0.0,0.01
2190,jetalpur_e,20,0.0,560.0,0.251
2190,jetalpur_w,2,0.0,43.0,0.025
2190,manjalpur_n,24,0.0,1266.0,0.336
2190,manjalpur_s,2,39.625,0.0,0.028
2190,natubhai_loop,4,0.0,148.0,0.658
2190,newsama_e,2,42.849,0.0,0.027
2190,newsama_w,5,8.334,70.0,0.066
2190,oldpadra_n,0,50.004,0.0,0.0
2190,oldpadra_s,0,50.004,0.0,0.0
2190,racecourse_n,1,48.418,0.0,0.009
2190,racecourse_s,5,18.041,15.0,0.045
2190,raopura_e,17,0.737,141.0,0.454
2190,raopura_w,8,6.472,98.0,0.192
2190,rcdutt_e,2,44.655,0.0,0.017
2190,rcdutt_w,2,44.58,0.0,0.017
2200,dandia_e,18,5.323,36.0,0.493
2200,dandia_w,2,36.767,0.0,0.052
2200,gotri_n,1,44.701,0.0,0.005
2200,gotri_s,6,36.272,1.0,0.03
2200,jetalpur_e,19,6.197,280.0,0.243
2200,jetalpur_w,1,47.899,0.0,0.013
2200,manjalpur_n,21,1.818,1390.0,0.294
2200,manjalpur_s,4,34.263,0.0,0.056
2200,natubhai_loop,4,0.0,188.0,0.658
2200,newsama_e,2,43.88,0.0,0.027
2200,newsama_w,2,27.912,0.0,0.027
2200,oldpadra_n,0,50.004,0.0,0.0
2200,oldpadra_s,2,46.511,0.0,0.019
2200,racecourse_n,1,48.573,0.0,0.009
2200,racecourse_s,4,19.34,45.0,0.036
2200,raopura_e,20,3.539,159.0,0.519
2200,raopura_w,2,27.643,0.0,0.053
2200,rcdutt_e,2,37.461,0.0,0.017
2200,rcdutt_w,2,47.901,0.0,0.017
2210,dandia_e,9,15.904,0.0,0.261
2210,dandia_w,2,0.001,11.0,0.052
2210,gotri_n,9,45.079,0.0,0.044
2210,gotri_s,6,30.414,14.0,0.03
2210,jetalpur_e,23,16.098,8.0,0.289
2210,jetalpur_w,1,49.869,0.0,0.013
2210,manjalpur_n,21,3.582,1305.0,0.294
2210,manjalpur_s,10,36.979,0.0,0.14
2210,natubhai_loop,4,0.0,240.0,0.658
2210,newsama_e,0,50.004,0.0,0.0
2210,newsama_w,0,50.004,0.0,0.0
2210,oldpadra_n,2,47.869,0.0,0.019
2210,oldpadra_s,2,46.585,0.0,0.019
2210,racecourse_n,0,50.004,0.0,0.0
2210,racecourse_s,4,10.02,86.0,0.036
2210,raopura_e,20,0.422,335.0,0.534
2210,raopura_w,0,39.996,0.0,0.0
2210,rcdutt_e,4,20.1,18.0,0.034
2210,rcdutt_w,1,48.48,0.0,0.011
2220,dandia_e,8,13.537,1.0,0.208
2220,dandia_w,2,13.384,5.0,0.052
2220,gotri_n,16,44.269,0.0,0.079
2220,gotri_s,10,36.893,45.0,0.049
2220,jetalpur_e,18,18.197,0.0,0.228
2220,jetalpur_w,0,50.004,0.0,0.0
2220,manjalpur_n,21,1.891,1546.0,0.294
2220,manjalpur_s,2,33.285,0.0,0.015
2220,natubhai_loop,4,0.0,304.0,0.658
2220,newsama_e,4,45.528,0.0,0.053
2220,newsama_w,0,50.004,0.0,0.0
2220,oldpadra_n,0,50.004,0.0,0.0
2220,oldpadra_s,6,46.204,0.0,0.057
2220,racecourse_n,1,48.812,0.0,0.009
2220,racecourse_s,8,22.599,150.0,0.071
2220,raopura_e,19,1.654,70.0,0.507
2220,raopura_w,0,39.996,0.0,0.0
2220,rcdutt_e,6,25.622,50.0,0.051
2220,rcdutt_w,2,48.199,0.0,0.017
2230,dandia_e,12,16.997,8.0,0.312
2230,dandia_w,0,39.996,0.0,0.0
2230,gotri_n,17,45.106,0.0,0.084
2230,gotri_s,6,37.425,0.0,0.03
2230,jetalpur_e,17,11.083,9.0,0.206
2230,jetalpur_w,2,33.219,0.0,0.025
2230,manjalpur_n,21,1.84,1694.0,0.294
2230,manjalpur_s,4,39.615,0.0,0.056
2230,natubhai_loop,4,0.0,356.0,0.658
2230,newsama_e,2,44.698,0.0,0.027
2230,newsama_w,0,50.004,0.0,0.0
2230,oldpadra_n,0,50.004,0.0,0.0
2230,oldpadra_s,3,45.211,0.0,0.028
2230,racecourse_n,3,41.332,0.0,0.02
2230,racecourse_s,10,14.108,211.0,0.089
2230,raopura_e,13,6.622,42.0,0.347
2230,raopura_w,1,33.984,0.0,0.027
2230,rcdutt_e,3,40.065,0.0,0.026
2230,rcdutt_w,5,43.539,0.0,0.043
2240,dandia_e,15,0.754,90.0,0.389
2240,dandia_w,0,39.996,0.0,0.0
2240,gotri_n,10,46.569,0.0,0.049
2240,gotri_s,4,44.451,0.0,0.02
2240,jetalpur_e,20,5.907,70.0,0.251
2240,jetalpur_w,4,45.463,0.0,0.05
2240,manjalpur_n,21,2.197,1849.0,0.294
2240,manjalpur_s,2,38.533,0.0,0.028
2240,natubhai_loop,4,0.0,396.0,0.658
2240,newsama_e,2,47.696,0.0,0.027
2240,newsama_w,1,48.221,0.0,0.013
2240,oldpadra_n,0,50.004,0.0,0.0
2240,oldpadra_s,2,46.879,0.0,0.019
2240,racecourse_n,2,47.991,0.0,0.018
2240,racecourse_s,9,14.448,256.0,0.072
2240,raopura_e,13,1.303,36.0,0.347
2240,raopura_w,3,22.8,7.0,0.08
2240,rcdutt_e,1,46.906,0.0,0.009
2240,rcdutt_w,5,41.36,0.0,0.043
2250,dandia_e,16,0.002,239.0,0.415
2250,dandia_w,0,39.996,0.0,0.0
2250,gotri_n,7,45.34,0.0,0.035
2250,gotri_s,7,46.77,0.0,0.035
2250,jetalpur_e,21,3.054,192.0,0.264
2250,jetalpur_w,6,22.495,2.0,0.075
2250,manjalpur_n,21,0.0,2055.0,0.294
2250,manjalpur_s,0,39.996,0.0,0.0
2250,natubhai_loop,4,2.614,7.0,0.658
2250,newsama_e,0,50.004,0.0,0.0
2250,newsama_w,0,50.004,0.0,0.0
2250,oldpadra_n,2,39.465,0.0,0.019
2250,oldpadra_s,4,47.516,0.0,0.038
2250,racecourse_n,1,48.396,0.0,0.009
2250,racecourse_s,9,17.819,15.0,0.08
2250,raopura_e,15,2.066,127.0,0.4
2250,raopura_w,3,0.001,26.0,0.08
2250,rcdutt_e,1,45.525,0.0,0.009
2250,rcdutt_w,3,41.914,0.0,0.026
2260,dandia_e,16,0.0,399.0,0.415
2260,dandia_w,0,39.996,0.0,0.0
2260,gotri_n,4,44.395,0.0,0.02
2260,gotri_s,6,46.282,0.0,0.03
2260,jetalpur_e,22,2.273,384.0,0.276
2260,jetalpur_w,6,7.495,39.0,0.075
2260,manjalpur_n,21,0.0,2265.0,0.294
2260,manjalpur_s,0,39.996,0.0,0.0
2260,natubhai_loop,4,0.0,44.0,0.658
2260,newsama_e,2,48.532,0.0,0.027
2260,newsama_w,2,48.122,0.0,0.027
2260,oldpadra_n,2,41.112,0.0,0.019
2260,oldpadra_s,2,48.378,0.0,0.019
2260,racecourse_n,0,50.004,0.0,0.0
2260,racecourse_s,9,14.825,29.0,0.08
2260,raopura_e,15,0.029,272.0,0.4
2260,raopura_w,3,0.0,56.0,0.08
2260,rcdutt_e,2,47.116,0.0,0.017
2260,rcdutt_w,2,44.941,0.0,0.017
2270,dandia_e,16,0.0,559.0,0.415
2270,dandia_w,1,40.098,0.0,0.026
2270,gotri_n,1,49.077,0.0,0.005
2270,gotri_s,7,44.218,0.0,0.035
2270,jetalpur_e,25,0.841,602.0,0.314
2270,jetalpur_w,8,10.506,34.0,0.101
2270,manjalpur_n,21,0.0,2475.0,0.294
2270,manjalpur_s,0,39.996,0.0,0.0
2270,natubhai_loop,4,0.0,84.0,0.658
2270,newsama_e,1,48.851,0.0,0.013
2270,newsama_w,2,4.101,0.0,0.027
2270,oldpadra_n,2,42.365,0.0,0.019
2270,oldpadra_s,0,50.004,0.0,0.0
2270,racecourse_n,0,50.004,0.0,0.0
2270,racecourse_s,11,20.094,89.0,0.098
2270,raopura_e,15,0.029,422.0,0.4
2270,raopura_w,3,0.0,86.0,0.08
2270,rcdutt_e,1,48.115,0.0,0.009
2270,rcdutt_w,0,50.004,0.0,0.0
2280,dandia_e,10,7.903,10.0,0.26
2280,dandia_w,2,37.983,0.0,0.052
2280,gotri_n,3,40.305,0.0,0.014
2280,gotri_s,7,42.042,0.0,0.035
2280,jetalpur_e,24,4.315,349.0,0.307
2280,jetalpur_w,5,44.235,0.0,0.063
2280,manjalpur_n,21,1.982,2605.0,0.294
2280,manjalpur_s,3,39.799,0.0,0.042
2280,natubhai_loop,4,0.0,124.0,0.658
2280,newsama_e,1,48.6,0.0,0.013
2280,newsama_w,1,48.011,0.0,0.013
2280,oldpadra_n,0,50.004,0.0,0.0
2280,oldpadra_s,0,50.004,0.0,0.0
2280,racecourse_n,1,48.706,0.0,0.009
2280,racecourse_s,14,26.149,149.0,0.125
2280,raopura_e,17,3.755,572.0,0.454
2280,raopura_w,0,39.996,0.0,0.0
2280,rcdutt_e,1,25.019,2.0,0.009
2280,rcdutt_w,4,39.787,0.0,0.033
2290,dandia_e,8,9.496,5.0,0.218
2290,dandia_w,2,36.979,0.0,0.052
2290,gotri_n,5,46.786,0.0,0.025
2290,gotri_s,7,11.763,25.0,0.035
2290,jetalpur_e,23,9.211,170.0,0.284
2290,jetalpur_w,0,50.004,0.0,0.007
2290,manjalpur_n,21,4.225,2525.0,0.294
2290,manjalpur_s,2,38.478,0.0,0.028
2290,natubhai_loop,4,0.0,164.0,0.658
2290,newsama_e,0,50.004,0.0,0.0
2290,newsama_w,1,49.038,0.0,0.013
2290,oldpadra_n,0,50.004,0.0,0.0
2290,oldpadra_s,0,50.004,0.0,0.0
2290,racecourse_n,3,44.036,0.0,0.027
2290,racecourse_s,13,15.724,218.0,0.116
2290,raopura_e,17,0.0,738.0,0.454
2290,raopura_w,0,39.996,0.0,0.0
2290,rcdutt_e,1,25.002,12.0,0.009
2290,rcdutt_w,5,44.846,0.0,0.043
2300,dandia_e,7,9.118,4.0,0.182
2300,dandia_w,4,30.596,0.0,0.104
2300,gotri_n,7,44.158,0.0,0.035
2300,gotri_s,7,5.667,80.0,0.035
2300,jetalpur_e,21,8.486,1.0,0.259
2300,jetalpur_w,1,47.674,0.0,0.013
2300,manjalpur_n,19,1.142,2702.0,0.266
2300,manjalpur_s,0,39.996,0.0,0.0
2300,natubhai_loop,4,0.0,204.0,0.658
2300,newsama_e,1,46.845,0.0,0.013
2300,newsama_w,0,50.004,0.0,0.0
2300,oldpadra_n,0,50.004,0.0,0.0
2300,oldpadra_s,0,50.004,0.0,0.0
2300,racecourse_n,4,39.041,0.0,0.03
2300,racecourse_s,9,5.011,299.0,0.08
2300,raopura_e,19,3.558,908.0,0.507
2300,raopura_w,4,32.528,0.0,0.096
2300,rcdutt_e,2,20.297,22.0,0.017
2300,rcdutt_w,6,43.377,0.0,0.051
2310,dandia_e,2,29.639,0.0,0.052
2310,dandia_w,6,2.859,31.0,0.156
2310,gotri_n,12,46.002,0.0,0.059
2310,gotri_s,7,0.143,148.0,0.035
2310,jetalpur_e,17,11.744,0.0,0.214
2310,jetalpur_w,1,46.532,0.0,0.013
2310,manjalpur_n,18,3.85,2893.0,0.252
2310,manjalpur_s,4,37.325,0.0,0.056
2310,natubhai_loop,4,0.0,256.0,0.658
2310,newsama_e,0,50.004,0.0,0.0
2310,newsama_w,0,50.004,0.0,0.0
2310,oldpadra_n,0,50.004,0.0,0.0
2310,oldpadra_s,0,50.004,0.0,0.0
2310,racecourse_n,2,46.041,0.0,0.018
2310,racecourse_s,14,16.151,416.0,0.125
2310,raopura_e,20,1.136,1147.0,0.527
2310,raopura_w,0,39.996,0.0,0.0
2310,rcdutt_e,2,23.406,35.0,0.017
2310,rcdutt_w,6,43.555,0.0,0.051
2320,dandia_e,7,18.691,20.0,0.182
2320,dandia_w,1,32.11,0.0,0.026
2320,gotri_n,9,46.997,0.0,0.044
2320,gotri_s,0,50.004,0.0,0.0
2320,jetalpur_e,21,5.828,33.0,0.264
2320,jetalpur_w,7,44.233,0.0,0.088
2320,manjalpur_n,19,0.909,3113.0,0.266
2320,manjalpur_s,2,36.561,0.0,0.028
2320,natubhai_loop,4,0.0,308.0,0.658
2320,newsama_e,0,50.004,0.0,0.0
2320,newsama_w,0,50.004,0.0,0.0
2320,oldpadra_n,3,42.45,0.0,0.028
2320,oldpadra_s,1,48.82,0.0,0.009
2320,racecourse_n,4,34.643,0.0,0.033
2320,racecourse_s,14,9.632,535.0,0.125
2320,raopura_e,14,5.264,319.0,0.374
2320,raopura_w,4,30.653,0.0,0.107
2320,rcdutt_e,0,50.004,0.0,0.0
2320,rcdutt_w,4,42.935,0.0,0.034
2330,dandia_e,6,5.718,64.0,0.156
2330,dandia_w,0,39.996,0.0,0.0
2330,gotri_n,7,47.691,0.0,0.035
2330,gotri_s,0,50.004,0.0,0.0
2330,jetalpur_e,21,3.573,136.0,0.264
2330,jetalpur_w,7,20.156,6.0,0.088
2330,manjalpur_n,19,0.0,3300.0,0.266
2330,manjalpur_s,0,39.996,0.0,0.0
2330,natubhai_loop,3,6.761,0.0,0.493
2330,newsama_e,1,44.984,0.0,0.013
2330,newsama_w,0,50.004,0.0,0.0
2330,oldpadra_n,3,47.132,0.0,0.028
2330,oldpadra_s,2,48.452,0.0,0.019
2330,racecourse_n,5,45.336,0.0,0.045
2330,racecourse_s,13,9.673,623.0,0.116
2330,raopura_e,15,1.124,36.0,0.4
2330,raopura_w,4,0.0,24.0,0.107
2330,rcdutt_e,3,47.523,0.0,0.026
2330,rcdutt_w,1,48.96,0.0,0.009
2340,dandia_e,6,5.714,124.0,0.156
2340,dandia_w,0,39.996,0.0,0.0
2340,gotri_n,3,47.524,0.0,0.015
2340,gotri_s,1,49.069,0.0,0.005
2340,jetalpur_e,20,2.397,304.0,0.251
2340,jetalpur_w,9,9.96,57.0,0.113
2340,manjalpur_n,21,3.521,3490.0,0.294
2340,manjalpur_s,0,39.996,0.0,0.0
2340,natubhai_loop,4,0.001,26.0,0.658
2340,newsama_e,0,50.004,0.0,0.0
2340,newsama_w,0,50.004,0.0,0.0
2340,oldpadra_n,2,47.061,0.0,0.019
2340,oldpadra_s,1,48.429,0.0,0.009
2340,racecourse_n,3,44.513,0.0,0.027
2340,racecourse_s,12,16.31,9.0,0.107
2340,raopura_e,17,1.041,163.0,0.454
2340,raopura_w,4,0.0,64.0,0.107
2340,rcdutt_e,5,35.761,0.0,0.027
2340,rcdutt_w,0,50.004,0.0,0.0
2350,dandia_e,6,2.191,82.0,0.156
2350,dandia_w,0,39.996,0.0,0.0
2350,gotri_n,0,50.004,0.0,0.0
2350,gotri_s,1,49.079,0.0,0.005
2350,jetalpur_e,23,5.885,504.0,0.289
2350,jetalpur_w,9,9.463,127.0,0.113
2350,manjalpur_n,25,0.186,3694.0,0.35
2350,manjalpur_s,0,39.996,0.0,0.0
2350,natubhai_loop,4,0.0,66.0,0.658
2350,newsama_e,0,50.004,0.0,0.0
2350,newsama_w,0,50.004,0.0,0.0
2350,oldpadra_n,1,48.015,0.0,0.009
2350,oldpadra_s,0,50.004,0.0,0.0
2350,racecourse_n,0,50.004,0.0,0.0
2350,racecourse_s,12,13.226,70.0,0.107
2350,raopura_e,18,1.729,315.0,0.48
2350,raopura_w,4,0.0,104.0,0.107
2350,rcdutt_e,5,38.852,0.0,0.037
2350,rcdutt_w,0,50.004,0.0,0.0
2360,dandia_e,4,10.151,2.0,0.114
2360,dandia_w,2,35.932,0.0,0.052
2360,gotri_n,1,42.994,0.0,0.005
2360,gotri_s,1,48.122,0.0,0.005
2360,jetalpur_e,23,6.676,445.0,0.289
2360,jetalpur_w,4,18.116,0.0,0.06
2360,manjalpur_n,23,3.02,3778.0,0.322
2360,manjalpur_s,2,35.422,0.0,0.028
2360,natubhai_loop,4,0.0,106.0,0.658
2360,newsama_e,0,50.004,0.0,0.0
2360,newsama_w,3,47.991,0.0,0.04
2360,oldpadra_n,1,42.516,0.0,0.009
2360,oldpadra_s,0,50.004,0.0,0.0
2360,racecourse_n,0,50.004,0.0,0.0
2360,racecourse_s,11,10.678,150.0,0.098
2360,raopura_e,20,2.429,482.0,0.534
2360,raopura_w,1,39.158,0.0,0.027
2360,rcdutt_e,6,43.375,0.0,0.051
2360,rcdutt_w,0,50.004,0.0,0.0
2370,dandia_e,4,7.999,34.0,0.114
2370,dandia_w,6,23.298,0.0,0.156
2370,gotri_n,4,42.881,0.0,0.02
2370,gotri_s,1,32.944,0.0,0.005
2370,jetalpur_e,20,7.739,214.0,0.252
2370,jetalpur_w,2,47.561,0.0,0.029
2370,manjalpur_n,23,1.858,3967.0,0.33
2370,manjalpur_s,5,35.685,0.0,0.07
2370,natubhai_loop,4,0.0,146.0,0.658
2370,newsama_e,1,48.525,0.0,0.013
2370,newsama_w,1,48.066,0.0,0.013
2370,oldpadra_n,0,50.004,0.0,0.0
2370,oldpadra_s,0,50.004,0.0,0.0
2370,racecourse_n,0,50.004,0.0,0.0
2370,racecourse_s,11,8.083,231.0,0.098
2370,raopura_e,21,0.0,681.0,0.56
2370,raopura_w,1,33.852,0.0,0.027
2370,rcdutt_e,3,28.283,0.0,0.026
2370,rcdutt_w,2,46.242,0.0,0.017
2380,dandia_e,3,30.784,0.0,0.088
2380,dandia_w,4,12.77,0.0,0.104
2380,gotri_n,10,42.13,0.0,0.049
2380,gotri_s,1,25.002,12.0,0.005
2380,jetalpur_e,16,15.284,0.0,0.201
2380,jetalpur_w,3,46.526,0.0,0.038
2380,manjalpur_n,22,1.739,4252.0,0.308
2380,manjalpur_s,1,33.639,0.0,0.021
2380,natubhai_loop,4,0.0,198.0,0.658
2380,newsama_e,0,50.004,0.0,0.0
2380,newsama_w,0,50.004,0.0,0.0
2380,oldpadra_n,0,50.004,0.0,0.0
2380,oldpadra_s,3,42.818,0.0,0.024
2380,racecourse_n,1,46.559,0.0,0.009
2380,racecourse_s,14,8.968,360.0,0.125
2380,raopura_e,20,1.262,436.0,0.552
2380,raopura_w,2,34.578,0.0,0.051
2380,rcdutt_e,3,14.789,17.0,0.026
2380,rcdutt_w,4,45.785,0.0,0.034
2390,dandia_e,4,15.142,0.0,0.104
2390,dandia_w,3,14.895,2.0,0.078
2390,gotri_n,16,45.5,0.0,0.079
2390,gotri_s,1,25.002,28.0,0.005
2390,jetalpur_e,12,20.827,0.0,0.151
2390,jetalpur_w,0,50.004,0.0,0.0
2390,manjalpur_n,20,3.954,2209.0,0.28
2390,manjalpur_s,4,34.376,0.0,0.056
2390,natubhai_loop,4,0.0,262.0,0.658
2390,newsama_e,0,50.004,0.0,0.0
2390,newsama_w,0,50.004,0.0,0.0
2390,oldpadra_n,0,50.004,0.0,0.0
2390,oldpadra_s,2,43.557,0.0,0.019
2390,racecourse_n,6,42.24,0.0,0.053
2390,racecourse_s,20,18.062,538.0,0.178
2390,raopura_e,18,1.633,35.0,0.48
2390,raopura_w,0,39.996,0.0,0.0
2390,rcdutt_e,3,0.632,49.0,0.026
2390,rcdutt_w,4,43.872,0.0,0.034
2400,dandia_e,7,6.954,33.0,0.182
2400,dandia_w,1,27.191,0.0,0.026
2400,gotri_n,11,45.769,0.0,0.054
2400,gotri_s,1,49.386,0.0,0.005
2400,jetalpur_e,14,9.845,61.0,0.176
2400,jetalpur_w,1,47.937,0.0,0.013
2400,manjalpur_n,20,3.903,152.0,0.28
2400,manjalpur_s,1,41.501,0.0,0.021
2400,natubhai_loop,4,0.0,37.0,0.658
2400,newsama_e,0,50.004,0.0,0.0
2400,newsama_w,0,50.004,0.0,0.0
2400,oldpadra_n,0,50.004,0.0,0.0
2400,oldpadra_s,3,37.82,0.0,0.023
2400,racecourse_n,6,42.898,0.0,0.053
2400,racecourse_s,20,9.931,694.0,0.178
2400,raopura_e,16,0.301,100.0,0.427
2400,raopura_w,3,27.772,0.0,0.08
2400,rcdutt_e,1,35.007,0.0,0.002
2400,rcdutt_w,3,46.08,0.0,0.026
2410,dandia_e,7,2.932,40.0,0.182
2410,dandia_w,1,19.998,8.0,0.026
2410,gotri_n,7,45.394,0.0,0.035
2410,gotri_s,2,48.28,0.0,0.01
2410,jetalpur_e,14,2.897,173.0,0.176
2410,jetalpur_w,1,25.039,1.0,0.013
2410,manjalpur_n,20,2.246,190.0,0.28
2410,manjalpur_s,0,39.996,0.0,0.0
2410,natubhai_loop,4,0.0,77.0,0.658
2410,newsama_e,0,50.004,0.0,0.0
2410,newsama_w,0,50.004,0.0,0.0
2410,oldpadra_n,0,50.004,0.0,0.0
2410,oldpadra_s,4,43.796,0.0,0.038
2410,racecourse_n,2,47.618,0.0,0.018
2410,racecourse_s,16,4.765,821.0,0.143
2410,raopura_e,16,0.353,107.0,0.427
2410,raopura_w,7,15.509,19.0,0.187
2410,rcdutt_e,2,37.233,0.0,0.017
2410,rcdutt_w,1,49.94,0.0,0.009
2420,dandia_e,7,0.476,74.0,0.182
2420,dandia_w,1,19.998,18.0,0.026
2420,gotri_n,3,46.206,0.0,0.015
2420,gotri_s,7,44.296,0.0,0.035
2420,jetalpur_e,13,3.424,293.0,0.163
2420,jetalpur_w,1,25.002,11.0,0.013
2420,manjalpur_n,22,3.098,379.0,0.308
2420,manjalpur_s,0,39.996,0.0,0.0
2420,natubhai_loop,4,0.0,117.0,0.658
2420,newsama_e,0,50.004,0.0,0.0
2420,newsama_w,1,49.605,0.0,0.013
2420,oldpadra_n,0,50.004,0.0,0.0
2420,oldpadra_s,3,41.68,0.0,0.028
2420,racecourse_n,1,43.959,0.0,0.009
2420,racecourse_s,13,3.572,951.0,0.116
2420,raopura_e,16,0.001,237.0,0.427
2420,raopura_w,7,0.012,68.0,0.187
2420,rcdutt_e,2,44.466,0.0,0.017
2420,rcdutt_w,0,50.004,0.0,0.0
2430,dandia_e,7,0.0,143.0,0.182
2430,dandia_w,3,27.252,28.0,0.078
2430,gotri_n,0,50.004,0.0,0.0
2430,gotri_s,7,45.985,0.0,0.035
2430,jetalpur_e,13,0.0,417.0,0.163
2430,jetalpur_w,1,25.002,21.0,0.013
2430,manjalpur_n,22,1.739,596.0,0.308
2430,manjalpur_s,1,38.795,0.0,0.014
2430,natubhai_loop,4,0.0,157.0,0.658
2430,newsama_e,0,50.004,0.0,0.0
2430,newsama_w,1,25.014,2.0,0.013
2430,oldpadra_n,0,50.004,0.0,0.0
2430,oldpadra_s,0,50.004,0.0,0.0
2430,racecourse_n,0,50.004,0.0,0.0
2430,racecourse_s,13,3.572,1081.0,0.116
2430,raopura_e,16,0.0,397.0,0.427
2430,raopura_w,7,0.0,138.0,0.187
2430,rcdutt_e,2,39.487,0.0,0.017
2430,rcdutt_w,0,50.004,0.0,0.0
2440,dandia_e,4,16.201,0.0,0.104
2440,dandia_w,4,15.904,43.0,0.104
2440,gotri_n,1,37.051,0.0,0.002
2440,gotri_s,7,37.548,0.0,0.035
2440,jetalpur_e,12,12.653,153.0,0.151
2440,jetalpur_w,1,47.868,0.0,0.013
2440,manjalpur_n,22,1.739,816.0,0.308
2440,manjalpur_s,5,39.799,0.0,0.07
2440,natubhai_loop,4,0.0,197.0,0.658
2440,newsama_e,1,47.766,0.0,0.013
2440,newsama_w,0,50.004,0.0,0.0
2440,oldpadra_n,0,50.004,0.0,0.0
2440,oldpadra_s,0,50.004,0.0,0.0
2440,racecourse_n,0,50.004,0.0,0.0
2440,racecourse_s,15,5.596,1211.0,0.134
2440,raopura_e,16,0.0,557.0,0.427
2440,raopura_w,1,31.12,0.0,0.027
2440,rcdutt_e,1,47.787,0.0,0.009
2440,rcdutt_w,1,48.422,0.0,0.009
2450,dandia_e,0,39.996,0.0,0.0
2450,dandia_w,6,6.368,73.0,0.156
2450,gotri_n,5,41.659,0.0,0.025
2450,gotri_s,7,26.534,10.0,0.035
2450,jetalpur_e,10,21.431,0.0,0.126
2450,jetalpur_w,1,48.074,0.0,0.013
2450,manjalpur_n,22,1.739,1036.0,0.308
2450,manjalpur_s,7,38.831,0.0,0.098
2450,natubhai_loop,4,0.0,237.0,0.658
2450,newsama_e,1,48.281,0.0,0.013
2450,newsama_w,1,48.669,0.0,0.013
2450,oldpadra_n,0,50.004,0.0,0.0
2450,oldpadra_s,1,49.259,0.0,0.009
2450,racecourse_n,0,50.004,0.0,0.0
2450,racecourse_s,15,5.883,1341.0,0.134
2450,raopura_e,16,0.0,717.0,0.427
2450,raopura_w,0,39.996,0.0,0.0
2450,rcdutt_e,1,25.152,1.0,0.009
2450,rcdutt_w,4,45.157,0.0,0.034
2460,dandia_e,2,38.091,0.0,0.052
2460,dandia_w,6,0.0,128.0,0.156
2460,gotri_n,9,43.564,0.0,0.044
2460,gotri_s,8,6.223,48.0,0.04
2460,jetalpur_e,6,26.14,0.0,0.075
2460,jetalpur_w,0,50.004,0.0,0.0
2460,manjalpur_n,22,1.739,1256.0,0.308
2460,manjalpur_s,1,38.323,0.0,0.027
2460,natubhai_loop,4,0.0,277.0,0.658
2460,newsama_e,0,50.004,0.0,0.0
2460,newsama_w,3,45.158,0.0,0.04
2460,oldpadra_n,0,50.004,0.0,0.0
2460,oldpadra_s,5,45.361,0.0,0.039
2460,racecourse_n,0,50.004,0.0,0.0
2460,racecourse_s,13,3.572,1471.0,0.116
2460,raopura_e,16,0.0,877.0,0.427
2460,raopura_w,2,31.62,0.0,0.042
2460,rcdutt_e,2,32.775,11.0,0.017
2460,rcdutt_w,5,45.525,0.0,0.043
2470,dandia_e,0,39.996,0.0,0.0
2470,dandia_w,6,0.0,188.0,0.156
2470,gotri_n,10,44.99,0.0,0.049
2470,gotri_s,8,5.747,118.0,0.04
2470,jetalpur_e,7,18.408,8.0,0.088
2470,jetalpur_w,3,43.495,0.0,0.038
2470,manjalpur_n,22,1.739,1476.0,0.308
2470,manjalpur_s,1,36.726,0.0,0.01
2470,natubhai_loop,4,0.0,317.0,0.658
2470,newsama_e,0,50.004,0.0,0.0
2470,newsama_w,2,42.412,0.0,0.027
2470,oldpadra_n,0,50.004,0.0,0.0
2470,oldpadra_s,5,46.543,0.0,0.047
2470,racecourse_n,0,50.004,0.0,0.0
2470,racecourse_s,14,3.195,1601.0,0.125
2470,raopura_e,16,0.0,1037.0,0.427
2470,raopura_w,0,39.996,0.0,0.021
2470,rcdutt_e,2,32.199,21.0,0.017
2470,rcdutt_w,3,44.241,0.0,0.026
2480,dandia_e,0,39.996,0.0,0.0
2480,dandia_w,6,0.0,266.0,0.156
2480,gotri_n,12,45.841,0.0,0.059
2480,gotri_s,6,31.517,0.0,0.03
2480,jetalpur_e,7,12.803,19.0,0.088
2480,jetalpur_w,5,29.075,0.0,0.05
2480,manjalpur_n,22,1.739,1762.0,0.308
2480,manjalpur_s,2,36.194,0.0,0.028
2480,natubhai_loop,4,0.0,369.0,0.658
2480,newsama_e,1,43.885,0.0,0.013
2480,newsama_w,2,16.675,6.0,0.027
2480,oldpadra_n,2,47.587,0.0,0.019
2480,oldpadra_s,0,50.004,0.0,0.0
2480,racecourse_n,0,50.004,0.0,0.0
2480,racecourse_s,16,7.261,1770.0,0.143
2480,raopura_e,16,0.0,1245.0,0.427
2480,raopura_w,0,39.996,0.0,0.0
2480,rcdutt_e,0,50.004,0.0,0.0
2480,rcdutt_w,1,48.729,0.0,0.009
2490,dandia_e,2,33.975,0.0,0.052
2490,dandia_w,0,39.996,0.0,0.007
2490,gotri_n,4,46.662,0.0,0.02
2490,gotri_s,2,46.332,0.0,0.01
2490,jetalpur_e,8,2.479,95.0,0.101
2490,jetalpur_w,8,20.919,32.0,0.101
2490,manjalpur_n,22,1.739,2048.0,0.308
2490,manjalpur_s,0,39.996,0.0,0.0
2490,natubhai_loop,3,0.0,313.0,0.617
2490,newsama_e,2,47.644,0.0,0.027
2490,newsama_w,2,1.895,17.0,0.027
2490,oldpadra_n,2,48.254,0.0,0.019
2490,oldpadra_s,2,44.929,0.0,0.019
2490,racecourse_n,4,39.282,0.0,0.036
2490,racecourse_s,17,9.194,1939.0,0.152
2490,raopura_e,13,1.608,16.0,0.347
2490,raopura_w,3,24.279,0.0,0.08
2490,rcdutt_e,0,50.004,0.0,0.0
2490,rcdutt_w,1,49.001,0.0,0.009
2500,dandia_e,3,9.982,11.0,0.078
2500,dandia_w,1,39.476,0.0,0.026
2500,gotri_n,2,46.257,0.0,0.01
2500,gotri_s,2,43.028,0.0,0.01
2500,jetalpur_e,7,6.251,162.0,0.088
2500,jetalpur_w,8,3.534,78.0,0.101
2500,manjalpur_n,24,1.6,2278.0,0.336
2500,manjalpur_s,0,39.996,0.0,0.0
2500,natubhai_loop,4,0.226,11.0,0.658
2500,newsama_e,0,50.004,0.0,0.0
2500,newsama_w,2,0.0,36.0,0.027
2500,oldpadra_n,0,50.004,0.0,0.0
2500,oldpadra_s,2,44.448,0.0,0.019
2500,racecourse_n,5,44.626,0.0,0.045
2500,racecourse_s,14,12.933,829.0,0.125
2500,raopura_e,15,1.503,100.0,0.4
2500,raopura_w,3,0.428,16.0,0.08
2500,rcdutt_e,0,50.004,0.0,0.0
2500,rcdutt_w,0,50.004,0.0,0.0
2510,dandia_e,4,5.07,21.0,0.104
2510,dandia_w,1,36.529,0.0,0.027
2510,gotri_n,1,46.39,0.0,0.005
2510,gotri_s,4,43.748,0.0,0.02
2510,jetalpur_e,7,6.251,232.0,0.088
2510,jetalpur_w,10,7.404,156.0,0.126
2510,manjalpur_n,24,1.6,2518.0,0.336
2510,manjalpur_s,0,39.996,0.0,0.0
2510,natubhai_loop,4,0.0,50.0,0.658
2510,newsama_e,0,50.004,0.0,0.0
2510,newsama_w,2,0.0,56.0,0.027
2510,oldpadra_n,0,50.004,0.0,0.0
2510,oldpadra_s,0,50.004,0.0,0.0
2510,racecourse_n,4,38.915,0.0,0.036
2510,racecourse_s,12,8.803,16.0,0.107
2510,raopura_e,16,2.439,234.0,0.427
2510,raopura_w,3,0.0,46.0,0.08
2510,rcdutt_e,2,42.32,0.0,0.017
2510,rcdutt_w,0,50.004,0.0,0.0
2520,dandia_e,0,39.996,0.0,0.044
2520,dandia_w,1,36.84,0.0,0.026
2520,gotri_n,0,50.004,0.0,0.0
2520,gotri_s,5,45.263,0.0,0.025
2520,jetalpur_e,6,9.318,111.0,0.076
2520,jetalpur_w,6,19.102,0.0,0.091
2520,manjalpur_n,24,1.6,2758.0,0.336
2520,manjalpur_s,1,35.229,0.0,0.005
2520,natubhai_loop,4,0.0,90.0,0.658
2520,newsama_e,0,50.004,0.0,0.0
2520,newsama_w,0,50.004,0.0,0.0
2520,oldpadra_n,0,50.004,0.0,0.0
2520,oldpadra_s,0,50.004,0.0,0.0
2520,racecourse_n,2,47.301,0.0,0.018
2520,racecourse_s,11,4.212,91.0,0.098
2520,raopura_e,16,0.0,390.0,0.427
2520,raopura_w,1,36.366,0.0,0.038
2520,rcdutt_e,7,39.404,0.0,0.055
2520,rcdutt_w,0,50.004,0.0,0.0
2530,dandia_e,0,39.996,0.0,0.0
2530,dandia_w,11,27.22,0.0,0.286
2530,gotri_n,3,42.688,0.0,0.013
2530,gotri_s,6,46.536,0.0,0.03
2530,jetalpur_e,7,31.138,0.0,0.089
2530,jetalpur_w,4,40.957,0.0,0.05
2530,manjalpur_n,24,1.6,2998.0,0.336
2530,manjalpur_s,5,38.773,0.0,0.07
2530,natubhai_loop,4,0.0,130.0,0.658
2530,newsama_e,0,50.004,0.0,0.0
2530,newsama_w,0,50.004,0.0,0.0
2530,oldpadra_n,0,50.004,0.0,0.0
2530,oldpadra_s,0,50.004,0.0,0.0
2530,racecourse_n,2,47.089,0.0,0.018
2530,racecourse_s,11,4.167,201.0,0.098
2530,raopura_e,16,0.0,550.0,0.427
2530,raopura_w,0,39.996,0.0,0.0
2530,rcdutt_e,8,38.336,6.0,0.069
2530,rcdutt_w,0,50.004,0.0,0.0
2540,dandia_e,0,39.996,0.0,0.0
2540,dandia_w,13,0.885,43.0,0.337
2540,gotri_n,7,42.768,0.0,0.035
2540,gotri_s,6,46.164,0.0,0.03
2540,jetalpur_e,2,35.469,0.0,0.028
2540,jetalpur_w,1,43.075,0.0,0.013
2540,manjalpur_n,24,1.6,3238.0,0.336
2540,manjalpur_s,4,38.515,0.0,0.056
2540,natubhai_loop,4,0.0,170.0,0.658
2540,newsama_e,0,50.004,0.0,0.0
2540,newsama_w,0,50.004,0.0,0.0
2540,oldpadra_n,0,50.004,0.0,0.0
2540,oldpadra_s,3,43.612,0.0,0.028
2540,racecourse_n,0,50.004,0.0,0.0
2540,racecourse_s,11,4.167,311.0,0.098
2540,raopura_e,16,0.0,710.0,0.427
2540,raopura_w,0,39.996,0.0,0.0
2540,rcdutt_e,10,25.971,16.0,0.086
2540,rcdutt_w,1,47.913,0.0,0.009
2550,dandia_e,0,39.996,0.0,0.0
2550,dandia_w,14,0.037,167.0,0.363
2550,gotri_n,9,42.753,0.0,0.044
2550,gotri_s,6,15.812,16.0,0.03
2550,jetalpur_e,0,50.004,0.0,0.0
2550,jetalpur_w,0,50.004,0.0,0.0
2550,manjalpur_n,24,1.6,3478.0,0.336
2550,manjalpur_s,1,40.302,0.0,0.014
2550,natubhai_loop,4,0.0,210.0,0.658
2550,newsama_e,2,47.088,0.0,0.027
2550,newsama_w,2,46.861,0.0,0.027
2550,oldpadra_n,0,50.004,0.0,0.0
2550,oldpadra_s,4,47.453,0.0,0.038
2550,racecourse_n,0,50.004,0.0,0.0
2550,racecourse_s,12,3.852,421.0,0.107
2550,raopura_e,16,0.0,870.0,0.427
2550,raopura_w,0,39.996,0.0,0.0
2550,rcdutt_e,11,16.358,64.0,0.094
2550,rcdutt_w,2,45.887,0.0,0.017
2560,dandia_e,0,39.996,0.0,0.0
2560,dandia_w,14,0.0,307.0,0.363
2560,gotri_n,9,42.529,0.0,0.044
2560,gotri_s,7,13.224,57.0,0.035
2560,jetalpur_e,2,44.308,0.0,0.025
2560,jetalpur_w,2,47.051,0.0,0.025
2560,manjalpur_n,24,1.6,3718.0,0.336
2560,manjalpur_s,0,39.996,0.0,0.0
2560,natubhai_loop,4,0.0,250.0,0.658
2560,newsama_e,0,50.004,0.0,0.0
2560,newsama_w,0,50.004,0.0,0.0
2560,oldpadra_n,0,50.004,0.0,0.0
2560,oldpadra_s,3,47.107,0.0,0.028
2560,racecourse_n,0,50.004,0.0,0.0
2560,racecourse_s,12,3.877,531.0,0.107
2560,raopura_e,16,0.0,1030.0,0.427
2560,raopura_w,0,39.996,0.0,0.0
2560,rcdutt_e,11,12.204,134.0,0.094
2560,rcdutt_w,2,37.792,0.0,0.017
2570,dandia_e,2,39.61,0.0,0.052
2570,dandia_w,13,13.469,0.0,0.337
2570,gotri_n,7,40.053,0.0,0.035
2570,gotri_s,1,47.675,0.0,0.005
2570,jetalpur_e,5,36.144,2.0,0.063
2570,jetalpur_w,6,34.753,0.0,0.075
2570,manjalpur_n,24,1.6,4102.0,0.336
2570,manjalpur_s,0,39.996,0.0,0.0
2570,natubhai_loop,4,0.0,314.0,0.658
2570,newsama_e,2,44.769,0.0,0.027
2570,newsama_w,2,46.284,0.0,0.027
2570,oldpadra_n,1,48.85,0.0,0.009
2570,oldpadra_s,0,50.004,0.0,0.0
2570,racecourse_n,1,35.621,0.0,0.004
2570,racecourse_s,14,6.402,714.0,0.125
2570,raopura_e,13,1.593,306.0,0.347
2570,raopura_w,4,36.113,0.0,0.107
2570,rcdutt_e,0,50.004,0.0,0.003
2570,rcdutt_w,0,50.004,0.0,0.0
2580,dandia_e,7,25.858,9.0,0.182
2580,dandia_w,8,9.277,3.0,0.208
2580,gotri_n,3,46.366,0.0,0.015
2580,gotri_s,2,46.408,0.0,0.01
2580,jetalpur_e,4,10.003,40.0,0.05
2580,jetalpur_w,6,0.0,58.0,0.075
2580,manjalpur_n,24,1.6,4486.0,0.336
2580,manjalpur_s,0,39.996,0.0,0.0
2580,natubhai_loop,3,0.091,10.0,0.493
2580,newsama_e,0,50.004,0.0,0.0
2580,newsama_w,2,44.281,0.0,0.027
2580,oldpadra_n,1,25.534,0.0,0.009
2580,oldpadra_s,0,50.004,0.0,0.0
2580,racecourse_n,7,46.423,0.0,0.062
2580,racecourse_s,12,3.473,883.0,0.107
2580,raopura_e,11,5.269,1.0,0.293
2580,raopura_w,7,11.185,32.0,0.187
2580,rcdutt_e,0,50.004,0.0,0.0
2580,rcdutt_w,0,50.004,0.0,0.0
2590,dandia_e,8,14.594,20.0,0.211
2590,dandia_w,4,6.277,1.0,0.104
2590,gotri_n,3,44.763,0.0,0.015
2590,gotri_s,1,47.721,0.0,0.005
2590,jetalpur_e,3,13.392,42.0,0.038
2590,jetalpur_w,5,11.483,45.0,0.064
2590,manjalpur_n,23,0.248,4416.0,0.322
2590,manjalpur_s,0,39.996,0.0,0.0
2590,natubhai_loop,3,0.921,2.0,0.493
2590,newsama_e,0,50.004,0.0,0.0
2590,newsama_w,0,50.004,0.0,0.0
2590,oldpadra_n,2,32.248,7.0,0.019
2590,oldpadra_s,0,50.004,0.0,0.0
2590,racecourse_n,3,48.797,0.0,0.027
2590,racecourse_s,9,8.022,17.0,0.08
2590,raopura_e,12,11.706,4.0,0.32
2590,raopura_w,8,15.648,37.0,0.215
2590,rcdutt_e,0,50.004,0.0,0.0
2590,rcdutt_w,0,50.004,0.0,0.0
2600,dandia_e,3,32.775,0.0,0.078
2600,dandia_w,11,9.346,42.0,0.286
2600,gotri_n,7,44.287,0.0,0.035
2600,gotri_s,2,30.747,0.0,0.01
2600,jetalpur_e,5,45.147,0.0,0.063
2600,jetalpur_w,0,50.004,0.0,0.0
2600,manjalpur_n,21,11.281,5.0,0.294
2600,manjalpur_s,10,35.555,0.0,0.14
2600,natubhai_loop,4,0.012,42.0,0.658
2600,newsama_e,0,50.004,0.0,0.0
2600,newsama_w,0,50.004,0.0,0.0
2600,oldpadra_n,0,50.004,0.0,0.0
2600,oldpadra_s,0,50.004,0.0,0.0
2600,racecourse_n,1,48.487,0.0,0.009
2600,racecourse_s,5,19.226,1.0,0.045
2600,raopura_e,16,1.551,71.0,0.427
2600,raopura_w,0,39.996,0.0,0.0
2600,rcdutt_e,1,40.562,0.0,0.009
2600,rcdutt_w,5,43.925,0.0,0.043
2610,dandia_e,3,36.829,0.0,0.078
2610,dandia_w,1,37.621,0.0,0.026
2610,gotri_n,8,44.734,0.0,0.04
2610,gotri_s,2,21.724,12.0,0.01
2610,jetalpur_e,4,40.953,0.0,0.06
2610,jetalpur_w,0,50.004,0.0,0.0
2610,manjalpur_n,22,2.42,77.0,0.308
2610,manjalpur_s,3,35.502,0.0,0.056
2610,natubhai_loop,4,0.0,94.0,0.658
2610,newsama_e,0,50.004,0.0,0.0
2610,newsama_w,0,50.004,0.0,0.0
2610,oldpadra_n,2,44.317,0.0,0.019
2610,oldpadra_s,3,43.239,0.0,0.028
2610,racecourse_n,0,50.004,0.0,0.0
2610,racecourse_s,5,8.334,50.0,0.045
2610,raopura_e,12,1.11,34.0,0.32
2610,raopura_w,8,38.071,0.0,0.233
2610,rcdutt_e,2,29.783,0.0,0.01
2610,rcdutt_w,6,46.907,0.0,0.051
2620,dandia_e,1,35.687,0.0,0.026
2620,dandia_w,0,39.996,0.0,0.0
2620,gotri_n,11,44.648,0.0,0.054
2620,gotri_s,2,23.293,22.0,0.01
2620,jetalpur_e,2,45.114,0.0,0.025
2620,jetalpur_w,0,50.004,0.0,0.0
2620,manjalpur_n,21,0.122,156.0,0.294
2620,manjalpur_s,8,36.369,0.0,0.112
2620,natubhai_loop,4,0.0,134.0,0.658
2620,newsama_e,2,47.99,0.0,0.027
2620,newsama_w,0,50.004,0.0,0.0
2620,oldpadra_n,2,43.758,0.0,0.019
2620,oldpadra_s,7,45.225,0.0,0.066
2620,racecourse_n,3,47.149,0.0,0.027
2620,racecourse_s,7,19.135,5.0,0.062
2620,raopura_e,14,2.942,25.0,0.35
2620,raopura_w,0,39.996,0.0,0.0
2620,rcdutt_e,3,30.489,0.0,0.026
2620,rcdutt_w,1,45.998,0.0,0.009
2630,dandia_e,2,8.315,0.0,0.052
2630,dandia_w,0,39.996,0.0,0.0
2630,gotri_n,8,45.145,0.0,0.04
2630,gotri_s,1,47.955,0.0,0.005
2630,jetalpur_e,1,25.063,1.0,0.013
2630,jetalpur_w,0,50.004,0.0,0.0
2630,manjalpur_n,22,3.361,273.0,0.308
2630,manjalpur_s,8,36.588,0.0,0.112
2630,natubhai_loop,4,0.0,174.0,0.658
2630,newsama_e,3,46.904,0.0,0.04
2630,newsama_w,2,44.162,0.0,0.027
2630,oldpadra_n,0,50.004,0.0,0.0
2630,oldpadra_s,5,46.939,0.0,0.047
2630,racecourse_n,3,48.067,0.0,0.027
2630,racecourse_s,8,22.748,43.0,0.071
2630,raopura_e,15,2.686,112.0,0.387
2630,raopura_w,0,39.996,0.0,0.0
2630,rcdutt_e,2,44.934,0.0,0.017
2630,rcdutt_w,0,50.004,0.0,0.0
2640,dandia_e,2,0.0,19.0,0.052
2640,dandia_w,1,41.114,0.0,0.026
2640,gotri_n,6,44.823,0.0,0.03
2640,gotri_s,0,50.004,0.0,0.0
2640,jetalpur_e,2,33.158,11.0,0.025
2640,jetalpur_w,1,44.649,0.0,0.013
2640,manjalpur_n,22,1.447,426.0,0.308
2640,manjalpur_s,0,39.996,0.0,0.0
2640,natubhai_loop,4,0.0,214.0,0.658
2640,newsama_e,2,47.784,0.0,0.027
2640,newsama_w,2,0.872,2.0,0.027
2640,oldpadra_n,0,50.004,0.0,0.0
2640,oldpadra_s,7,47.74,0.0,0.066
2640,racecourse_n,0,50.004,0.0,0.0
2640,racecourse_s,8,15.658,86.0,0.071
2640,raopura_e,15,0.0,257.0,0.388
2640,raopura_w,1,37.479,0.0,0.027
2640,rcdutt_e,4,38.811,0.0,0.034
2640,rcdutt_w,0,50.004,0.0,0.0
2650,dandia_e,2,0.0,39.0,0.052
2650,dandia_w,2,36.544,0.0,0.052
2650,gotri_n,2,45.569,0.0,0.01
2650,gotri_s,0,50.004,0.0,0.0
2650,jetalpur_e,1,25.002,21.0,0.013
2650,jetalpur_w,1,47.992,0.0,0.013
2650,manjalpur_n,22,0.124,329.0,0.308
2650,manjalpur_s,0,39.996,0.0,0.0
2650,natubhai_loop,4,0.0,254.0,0.658
2650,newsama_e,0,50.004,0.0,0.0
2650,newsama_w,2,0.0,21.0,0.027
2650,oldpadra_n,1,44.879,0.0,0.009
2650,oldpadra_s,6,47.922,0.0,0.057
2650,racecourse_n,1,43.668,0.0,0.009
2650,racecourse_s,6,18.286,123.0,0.053
2650,raopura_e,15,0.0,407.0,0.388
2650,raopura_w,1,20.001,2.0,0.027
2650,rcdutt_e,3,47.117,0.0,0.026
2650,rcdutt_w,0,50.004,0.0,0.0
2660,dandia_e,2,0.0,59.0,0.052
2660,dandia_w,1,35.425,0.0,0.026
2660,gotri_n,0,50.004,0.0,0.0
2660,gotri_s,0,50.004,0.0,0.0
2660,jetalpur_e,1,25.002,31.0,0.013
2660,jetalpur_w,1,25.002,5.0,0.013
2660,manjalpur_n,22,0.021,422.0,0.308
2660,manjalpur_s,0,39.996,0.0,0.0
2660,natubhai_loop,4,0.0,294.0,0.658
2660,newsama_e,0,50.004,0.0,0.0
2660,newsama_w,4,25.002,41.0,0.053
2660,oldpadra_n,1,44.274,0.0,0.009
2660,oldpadra_s,0,50.004,0.0,0.0
2660,racecourse_n,3,38.311,0.0,0.02
2660,racecourse_s,6,7.147,172.0,0.053
2660,raopura_e,15,0.0,557.0,0.388
2660,raopura_w,1,19.998,12.0,0.027
2660,rcdutt_e,1,49.792,0.0,0.009
2660,rcdutt_w,0,50.004,0.0,0.0
2670,dandia_e,2,0.0,79.0,0.052
2670,dandia_w,2,19.066,4.0,0.052
2670,gotri_n,0,50.004,0.0,0.0
2670,gotri_s,0,50.004,0.0,0.0
2670,jetalpur_e,2,31.928,41.0,0.025
2670,jetalpur_w,1,25.002,15.0,0.013
2670,manjalpur_n,22,0.0,642.0,0.308
2670,manjalpur_s,0,39.996,0.0,0.0
2670,natubhai_loop,4,0.0,334.0,0.658
2670,newsama_e,0,50.004,0.0,0.0
2670,newsama_w,5,28.356,61.0,0.066
2670,oldpadra_n,3,41.345,0.0,0.028
2670,oldpadra_s,0,50.004,0.0,0.0
2670,racecourse_n,3,40.433,0.0,0.027
2670,racecourse_s,6,7.143,232.0,0.053
2670,raopura_e,15,0.0,707.0,0.388
2670,raopura_w,1,19.998,22.0,0.027
2670,rcdutt_e,0,50.004,0.0,0.0
2670,rcdutt_w,0,50.004,0.0,0.0
2680,dandia_e,1,39.126,0.0,0.026
2680,dandia_w,5,16.881,14.0,0.13
2680,gotri_n,0,50.004,0.0,0.0
2680,gotri_s,0,50.004,0.0,0.0
2680,jetalpur_e,2,44.659,0.0,0.025
2680,jetalpur_w,6,43.276,0.0,0.075
2680,manjalpur_n,22,1.284,812.0,0.308
2680,manjalpur_s,1,41.971,0.0,0.014
2680,natubhai_loop,4,0.0,374.0,0.658
2680,newsama_e,0,50.004,0.0,0.0
2680,newsama_w,1,50.004,0.0,0.013
2680,oldpadra_n,2,48.663,0.0,0.019
2680,oldpadra_s,0,50.004,0.0,0.0
2680,racecourse_n,2,45.393,0.0,0.018
2680,racecourse_s,6,7.143,292.0,0.053
2680,raopura_e,16,2.276,857.0,0.415
2680,raopura_w,0,39.996,0.0,0.0
2680,rcdutt_e,1,49.06,0.0,0.009
2680,rcdutt_w,0,50.004,0.0,0.0
2690,dandia_e,0,39.996,0.0,0.0
2690,dandia_w,7,10.421,46.0,0.173
2690,gotri_n,1,49.606,0.0,0.005
2690,gotri_s,0,50.004,0.0,0.0
2690,jetalpur_e,2,44.703,0.0,0.033
2690,jetalpur_w,5,41.889,0.0,0.063
2690,manjalpur_n,24,1.792,1085.0,0.336
2690,manjalpur_s,0,39.996,0.0,0.0
2690,natubhai_loop,4,0.0,426.0,0.658
2690,newsama_e,0,50.004,0.0,0.0
2690,newsama_w,1,49.725,0.0,0.013
2690,oldpadra_n,0,50.004,0.0,0.0
2690,oldpadra_s,0,50.004,0.0,0.0
2690,racecourse_n,0,50.004,0.0,0.0
2690,racecourse_s,8,11.569,370.0,0.071
2690,raopura_e,16,0.0,1062.0,0.415
2690,raopura_w,0,39.996,0.0,0.0
2690,rcdutt_e,3,47.042,0.0,0.026
2690,rcdutt_w,0,50.004,0.0,0.0
2700,dandia_e,1,37.182,0.0,0.026
2700,dandia_w,9,26.19,0.0,0.234
2700,gotri_n,2,47.319,0.0,0.01
2700,gotri_s,0,50.004,0.0,0.0
2700,jetalpur_e,0,50.004,0.0,0.0
2700,jetalpur_w,1,49.837,0.0,0.013
2700,manjalpur_n,24,0.0,1390.0,0.336
2700,manjalpur_s,0,39.996,0.0,0.0
2700,natubhai_loop,4,0.0,478.0,0.658
2700,newsama_e,1,45.374,0.0,0.013
2700,newsama_w,1,46.39,0.0,0.013
2700,oldpadra_n,0,50.004,0.0,0.0
2700,oldpadra_s,0,50.004,0.0,0.0
2700,racecourse_n,3,42.846,0.0,0.027
2700,racecourse_s,7,4.136,448.0,0.062
2700,raopura_e,15,0.0,943.0,0.388
2700,raopura_w,4,31.812,0.0,0.107
2700,rcdutt_e,2,43.734,0.0,0.017
2700,rcdutt_w,0,50.004,0.0,0.0
2710,dandia_e,2,39.509,0.0,0.052
2710,dandia_w,10,8.086,33.0,0.26
2710,gotri_n,3,45.854,0.0,0.015
2710,gotri_s,0,50.004,0.0,0.0
2710,jetalpur_e,2,46.003,0.0,0.025
2710,jetalpur_w,0,50.004,0.0,0.0
2710,manjalpur_n,24,0.0,1630.0,0.336
2710,manjalpur_s,3,33.441,0.0,0.042
2710,natubhai_loop,4,0.0,518.0,0.658
2710,newsama_e,0,50.004,0.0,0.0
2710,newsama_w,1,46.786,0.0,0.013
2710,oldpadra_n,0,50.004,0.0,0.0
2710,oldpadra_s,0,50.004,0.0,0.0
2710,racecourse_n,5,46.02,0.0,0.045
2710,racecourse_s,6,7.143,508.0,0.053
2710,raopura_e,15,0.0,1093.0,0.388
2710,raopura_w,1,38.186,0.0,0.027
2710,rcdutt_e,0,50.004,0.0,0.0
2710,rcdutt_w,0,50.004,0.0,0.0
2720,dandia_e,4,12.069,8.0,0.104
2720,dandia_w,10,0.04,117.0,0.26
2720,gotri_n,3,46.52,0.0,0.015
2720,gotri_s,0,50.004,0.0,0.0
2720,jetalpur_e,2,17.978,2.0,0.025
2720,jetalpur_w,0,50.004,0.0,0.0
2720,manjalpur_n,25,0.0,1872.0,0.35
2720,manjalpur_s,4,33.123,0.0,0.056
2720,natubhai_loop,4,0.0,558.0,0.658
2720,newsama_e,0,50.004,0.0,0.0
2720,newsama_w,0,50.004,0.0,0.0
2720,oldpadra_n,0,50.004,0.0,0.0
2720,oldpadra_s,0,50.004,0.0,0.0
2720,racecourse_n,3,40.564,0.0,0.027
2720,racecourse_s,6,7.143,568.0,0.053
2720,raopura_e,15,0.0,1243.0,0.388
2720,raopura_w,1,19.998,5.0,0.027
2720,rcdutt_e,1,30.678,0.0,0.001
2720,rcdutt_w,0,50.004,0.0,0.0
2730,dandia_e,6,14.987,67.0,0.156
2730,dandia_w,6,9.391,0.0,0.156
2730,gotri_n,2,46.078,0.0,0.01
2730,gotri_s,0,50.004,0.0,0.0
2730,jetalpur_e,2,16.668,34.0,0.025
2730,jetalpur_w,0,50.004,0.0,0.0
2730,manjalpur_n,25,0.0,2272.0,0.35
2730,manjalpur_s,0,39.996,0.0,0.0
2730,natubhai_loop,4,0.0,622.0,0.658
2730,newsama_e,0,50.004,0.0,0.0
2730,newsama_w,0,50.004,0.0,0.0
2730,oldpadra_n,0,50.004,0.0,0.0
2730,oldpadra_s,4,44.323,0.0,0.038
2730,racecourse_n,0,50.004,0.0,0.0
2730,racecourse_s,6,7.143,664.0,0.053
2730,raopura_e,14,0.8,465.0,0.361
2730,raopura_w,5,29.341,21.0,0.133
2730,rcdutt_e,2,46.445,0.0,0.017
2730,rcdutt_w,0,50.004,0.0,0.0
2740,dandia_e,6,5.714,133.0,0.156
2740,dandia_w,2,15.705,0.0,0.052
2740,gotri_n,1,46.026,0.0,0.005
2740,gotri_s,1,42.762,0.0,0.005
2740,jetalpur_e,2,16.668,60.0,0.025
2740,jetalpur_w,0,50.004,0.0,0.0
2740,manjalpur_n,25,0.0,2597.0,0.35
2740,manjalpur_s,0,39.996,0.0,0.0
2740,natubhai_loop,4,0.0,674.0,0.658
2740,newsama_e,0,50.004,0.0,0.0
2740,newsama_w,0,50.004,0.0,0.0
2740,oldpadra_n,0,50.004,0.0,0.0
2740,oldpadra_s,1,42.903,0.0,0.009
2740,racecourse_n,1,49.198,0.0,0.009
2740,racecourse_s,8,15.772,742.0,0.071
2740,raopura_e,13,0.5,52.0,0.348
2740,raopura_w,7,10.488,51.0,0.187
2740,rcdutt_e,2,46.986,0.0,0.017
2740,rcdutt_w,0,50.004,0.0,0.0
2750,dandia_e,3,15.901,0.0,0.102
2750,dandia_w,0,39.996,0.0,0.0
2750,gotri_n,1,43.282,0.0,0.005
2750,gotri_s,1,44.467,0.0,0.005
2750,jetalpur_e,0,50.004,0.0,0.0
2750,jetalpur_w,0,50.004,0.0,0.0
2750,manjalpur_n,25,0.0,2922.0,0.35
2750,manjalpur_s,2,34.223,0.0,0.028
2750,natubhai_loop,4,0.0,726.0,0.658
2750,newsama_e,0,50.004,0.0,0.0
2750,newsama_w,0,50.004,0.0,0.0
2750,oldpadra_n,0,50.004,0.0,0.0
2750,oldpadra_s,0,50.004,0.0,0.0
2750,racecourse_n,1,45.922,0.0,0.013
2750,racecourse_s,8,9.755,820.0,0.071
2750,raopura_e,13,0.007,185.0,0.347
2750,raopura_w,7,14.66,0.0,0.187
2750,rcdutt_e,2,24.92,0.0,0.017
2750,rcdutt_w,1,41.539,0.0,0.009
2760,dandia_e,0,39.996,0.0,0.0
2760,dandia_w,0,39.996,0.0,0.0
2760,gotri_n,2,44.551,0.0,0.01
2760,gotri_s,1,43.42,0.0,0.005
2760,jetalpur_e,0,50.004,0.0,0.0
2760,jetalpur_w,0,50.004,0.0,0.0
2760,manjalpur_n,25,0.0,3172.0,0.35
2760,manjalpur_s,11,33.858,0.0,0.154
2760,natubhai_loop,4,0.0,766.0,0.658
2760,newsama_e,0,50.004,0.0,0.0
2760,newsama_w,1,48.079,0.0,0.013
2760,oldpadra_n,0,50.004,0.0,0.0
2760,oldpadra_s,0,50.004,0.0,0.0
2760,racecourse_n,1,46.508,0.0,0.009
2760,racecourse_s,8,5.556,895.0,0.071
2760,raopura_e,13,0.813,123.0,0.347
2760,raopura_w,0,39.996,0.0,0.0
2760,rcdutt_e,3,15.815,19.0,0.026
2760,rcdutt_w,5,44.838,0.0,0.043
2770,dandia_e,0,39.996,0.0,0.0
2770,dandia_w,0,39.996,0.0,0.0
2770,gotri_n,2,43.562,0.0,0.01
2770,gotri_s,3,45.003,0.0,0.015
2770,jetalpur_e,0,50.004,0.0,0.0
2770,jetalpur_w,0,50.004,0.0,0.0
2770,manjalpur_n,25,0.0,3422.0,0.35
2770,manjalpur_s,8,32.596,0.0,0.112
2770,natubhai_loop,4,0.0,806.0,0.658
2770,newsama_e,0,50.004,0.0,0.0
2770,newsama_w,1,40.771,0.0,0.013
2770,oldpadra_n,2,47.474,0.0,0.019
2770,oldpadra_s,1,46.857,0.0,0.009
2770,racecourse_n,0,50.004,0.0,0.0
2770,racecourse_s,10,8.531,975.0,0.089
2770,raopura_e,13,0.05,144.0,0.347
2770,raopura_w,0,39.996,0.0,0.0
2770,rcdutt_e,3,16.412,39.0,0.026
2770,rcdutt_w,6,46.135,0.0,0.051
2780,dandia_e,0,39.996,0.0,0.0
2780,dandia_w,0,39.996,0.0,0.0
2780,gotri_n,3,45.777,0.0,0.015
2780,gotri_s,3,36.569,3.0,0.015
2780,jetalpur_e,0,50.004,0.0,0.0
2780,jetalpur_w,0,50.004,0.0,0.0
2780,manjalpur_n,27,0.422,3672.0,0.378
2780,manjalpur_s,0,39.996,0.0,0.0
2780,natubhai_loop,4,0.0,846.0,0.658
2780,newsama_e,0,50.004,0.0,0.0
2780,newsama_w,0,50.004,0.0,0.0
2780,oldpadra_n,2,47.175,0.0,0.019
2780,oldpadra_s,5,46.558,0.0,0.047
2780,racecourse_n,0,50.004,0.0,0.0
2780,racecourse_s,12,15.157,1055.0,0.107
2780,raopura_e,13,0.0,274.0,0.347
2780,raopura_w,0,39.996,0.0,0.0
2780,rcdutt_e,3,0.007,61.0,0.026
2780,rcdutt_w,2,46.933,0.0,0.017
2790,dandia_e,1,40.491,0.0,0.026
2790,dandia_w,0,39.996,0.0,0.0
2790,gotri_n,2,46.444,0.0,0.01
2790,gotri_s,2,48.657,0.0,0.014
2790,jetalpur_e,0,50.004,0.0,0.0
2790,jetalpur_w,0,50.004,0.0,0.0
2790,manjalpur_n,29,2.304,3940.0,0.405
2790,manjalpur_s,0,39.996,0.0,0.0
2790,natubhai_loop,4,0.0,886.0,0.658
2790,newsama_e,0,50.004,0.0,0.0
2790,newsama_w,0,50.004,0.0,0.0
2790,oldpadra_n,0,50.004,0.0,0.0
2790,oldpadra_s,4,46.403,0.0,0.038
2790,racecourse_n,0,50.004,0.0,0.0
2790,racecourse_s,14,18.372,1135.0,0.125
2790,raopura_e,13,0.0,404.0,0.347
2790,raopura_w,2,33.436,0.0,0.053
2790,rcdutt_e,1,25.002,39.0,0.022
2790,rcdutt_w,0,50.004,0.0,0.0
2800,dandia_e,1,19.998,5.0,0.026
2800,dandia_w,2,37.82,0.0,0.052
2800,gotri_n,1,47.48,0.0,0.005
2800,gotri_s,3,46.984,0.0,0.015
2800,jetalpur_e,1,49.599,0.0,0.013
2800,jetalpur_w,1,42.726,0.0,0.013
2800,manjalpur_n,29,1.331,4210.0,0.405
2800,manjalpur_s,0,39.996,0.0,0.0
2800,natubhai_loop,4,0.0,926.0,0.658
2800,newsama_e,0,50.004,0.0,0.0
2800,newsama_w,0,50.004,0.0,0.0
2800,oldpadra_n,2,48.987,0.0,0.019
2800,oldpadra_s,0,50.004,0.0,0.0
2800,racecourse_n,0,50.004,0.0,0.0
2800,racecourse_s,13,12.385,1215.0,0.116
2800,raopura_e,13,0.0,534.0,0.347
2800,raopura_w,2,0.019,3.0,0.053
2800,rcdutt_e,0,50.004,0.0,0.0
2800,rcdutt_w,0,50.004,0.0,0.0
2810,dandia_e,1,19.998,15.0,0.026
2810,dandia_w,2,0.088,7.0,0.052
2810,gotri_n,1,47.17,0.0,0.005
2810,gotri_s,1,46.549,0.0,0.005
2810,jetalpur_e,0,50.004,0.0,0.0
2810,jetalpur_w,3,40.604,0.0,0.038
2810,manjalpur_n,29,0.0,4495.0,0.405
2810,manjalpur_s,0,39.996,0.0,0.0
2810,natubhai_loop,4,0.0,966.0,0.658
2810,newsama_e,0,50.004,0.0,0.0
2810,newsama_w,2,50.004,0.0,0.027
2810,oldpadra_n,2,49.005,0.0,0.019
2810,oldpadra_s,0,50.004,0.0,0.0
2810,racecourse_n,0,50.004,0.0,0.0
2810,racecourse_s,11,5.921,1295.0,0.098
2810,raopura_e,13,0.0,664.0,0.347
2810,raopura_w,2,0.0,23.0,0.053
2810,rcdutt_e,0,50.004,0.0,0.0
2810,rcdutt_w,0,50.004,0.0,0.0
2820,dandia_e,1,19.998,25.0,0.026
2820,dandia_w,2,0.0,27.0,0.052
2820,gotri_n,0,50.004,0.0,0.0
2820,gotri_s,2,47.152,0.0,0.01
2820,jetalpur_e,0,50.004,0.0,0.0
2820,jetalpur_w,2,35.671,0.0,0.025
2820,manjalpur_n,31,2.37,4785.0,0.433
2820,manjalpur_s,0,39.996,0.0,0.0
2820,natubhai_loop,4,0.0,1006.0,0.658
2820,newsama_e,0,50.004,0.0,0.0
2820,newsama_w,2,47.42,0.0,0.027
2820,oldpadra_n,0,50.004,0.0,0.0
2820,oldpadra_s,0,50.004,0.0,0.0
2820,racecourse_n,0,50.004,0.0,0.0
2820,racecourse_s,9,4.326,1375.0,0.08
2820,raopura_e,13,0.0,794.0,0.347
2820,raopura_w,2,0.0,43.0,0.053
2820,rcdutt_e,2,39.029,0.0,0.017
2820,rcdutt_w,1,44.385,0.0,0.009
2830,dandia_e,1,19.998,35.0,0.026
2830,dandia_w,2,0.0,47.0,0.052
2830,gotri_n,0,50.004,0.0,0.0
2830,gotri_s,3,46.596,0.0,0.015
2830,jetalpur_e,0,50.004,0.0,0.0
2830,jetalpur_w,2,16.668,11.0,0.025
2830,manjalpur_n,31,0.001,5083.0,0.433
2830,manjalpur_s,0,39.996,0.0,0.0
2830,natubhai_loop,4,0.0,1046.0,0.658
2830,newsama_e,0,50.004,0.0,0.0
2830,newsama_w,2,0.022,7.0,0.027
2830,oldpadra_n,0,50.004,0.0,0.0
2830,oldpadra_s,0,50.004,0.0,0.0
2830,racecourse_n,0,50.004,0.0,0.0
2830,racecourse_s,8,5.556,1455.0,0.071
2830,raopura_e,13,0.0,924.0,0.347
2830,raopura_w,2,0.0,63.0,0.053
2830,rcdutt_e,2,39.731,0.0,0.017
2830,rcdutt_w,1,42.669,0.0,0.009
2840,dandia_e,0,39.996,0.0,0.01
2840,dandia_w,3,13.644,67.0,0.078
2840,gotri_n,0,50.004,0.0,0.0
2840,gotri_s,3,35.456,0.0,0.015
2840,jetalpur_e,0,50.004,0.0,0.0
2840,jetalpur_w,2,43.888,0.0,0.025
2840,manjalpur_n,31,0.0,5393.0,0.433
2840,manjalpur_s,2,36.318,0.0,0.028
2840,natubhai_loop,4,0.0,1086.0,0.658
2840,newsama_e,0,50.004,0.0,0.0
2840,newsama_w,0,50.004,0.0,0.0
2840,oldpadra_n,0,50.004,0.0,0.0
2840,oldpadra_s,0,50.004,0.0,0.0
2840,racecourse_n,0,50.004,0.0,0.0
2840,racecourse_s,8,5.556,1535.0,0.071
2840,raopura_e,13,0.0,1054.0,0.347
2840,raopura_w,0,39.996,0.0,0.0
2840,rcdutt_e,2,40.387,0.0,0.017
2840,rcdutt_w,1,42.348,0.0,0.009
2850,dandia_e,0,39.996,0.0,0.0
2850,dandia_w,4,0.0,101.0,0.104
2850,gotri_n,0,50.004,0.0,0.0
2850,gotri_s,3,16.446,12.0,0.015
2850,jetalpur_e,0,50.004,0.0,0.0
2850,jetalpur_w,2,46.23,0.0,0.025
2850,manjalpur_n,31,0.0,5796.0,0.433
2850,manjalpur_s,2,37.603,0.0,0.028
2850,natubhai_loop,4,0.0,1138.0,0.658
2850,newsama_e,0,50.004,0.0,0.0
2850,newsama_w,0,50.004,0.0,0.0
2850,oldpadra_n,0,50.004,0.0,0.0
2850,oldpadra_s,0,50.004,0.0,0.0
2850,racecourse_n,0,50.004,0.0,0.0
2850,racecourse_s,11,12.177,1639.0,0.098
2850,raopura_e,13,0.0,1223.0,0.347
2850,raopura_w,0,39.996,0.0,0.0
2850,rcdutt_e,2,16.669,10.0,0.017
2850,rcdutt_w,1,48.053,0.0,0.009
2860,dandia_e,0,39.996,0.0,0.0
2860,dandia_w,2,7.358,0.0,0.052
2860,gotri_n,0,50.004,0.0,0.0
2860,gotri_s,5,24.008,38.0,0.025
2860,jetalpur_e,0,50.004,0.0,0.0
2860,jetalpur_w,0,50.004,0.0,0.0
2860,manjalpur_n,31,0.0,6199.0,0.433
2860,manjalpur_s,0,39.996,0.0,0.0
2860,natubhai_loop,3,0.0,889.0,0.493
2860,newsama_e,0,50.004,0.0,0.0
2860,newsama_w,0,50.004,0.0,0.0
2860,oldpadra_n,0,50.004,0.0,0.0
2860,oldpadra_s,2,48.148,0.0,0.019
2860,racecourse_n,2,48.334,0.0,0.018
2860,racecourse_s,11,3.682,1744.0,0.098
2860,raopura_e,13,1.661,24.0,0.347
2860,raopura_w,3,36.509,0.0,0.08
2860,rcdutt_e,2,16.668,36.0,0.017
2860,rcdutt_w,1,49.752,0.0,0.009
2870,dandia_e,0,39.996,0.0,0.0
2870,dandia_w,2,0.0,18.0,0.052
2870,gotri_n,0,50.004,0.0,0.0
2870,gotri_s,5,17.432,65.0,0.025
2870,jetalpur_e,0,50.004,0.0,0.0
2870,jetalpur_w,0,50.004,0.0,0.0
2870,manjalpur_n,28,3.718,2428.0,0.391
2870,manjalpur_s,3,34.671,0.0,0.042
2870,natubhai_loop,4,0.046,16.0,0.658
2870,newsama_e,0,50.004,0.0,0.0
2870,newsama_w,0,50.004,0.0,0.0
2870,oldpadra_n,0,50.004,0.0,0.0
2870,oldpadra_s,1,46.334,0.0,0.009
2870,racecourse_n,2,48.957,0.0,0.018
2870,racecourse_s,10,6.865,143.0,0.089
2870,raopura_e,16,4.332,123.0,0.427
2870,raopura_w,0,39.996,0.0,0.0
2870,rcdutt_e,3,16.313,56.0,0.026
2870,rcdutt_w,0,50.004,0.0,0.0
2880,dandia_e,0,39.996,0.0,0.0
2880,dandia_w,4,14.218,44.0,0.104
2880,gotri_n,0,50.004,0.0,0.0
2880,gotri_s,3,43.178,0.0,0.015
2880,jetalpur_e,0,50.004,0.0,0.0
2880,jetalpur_w,2,45.849,0.0,0.025
2880,manjalpur_n,29,0.622,327.0,0.405
2880,manjalpur_s,1,34.878,0.0,0.027
2880,natubhai_loop,4,0.0,68.0,0.658
2880,newsama_e,1,48.085,0.0,0.013
2880,newsama_w,0,50.004,0.0,0.0
2880,oldpadra_n,0,50.004,0.0,0.0
2880,oldpadra_s,3,42.587,0.0,0.019
2880,racecourse_n,0,50.004,0.0,0.0
2880,racecourse_s,12,11.469,67.0,0.107
2880,raopura_e,17,0.001,323.0,0.454
2880,raopura_w,0,39.996,0.0,0.0
2880,rcdutt_e,2,38.078,0.0,0.017
2880,rcdutt_w,0,50.004,0.0,0.0
2890,dandia_e,0,39.996,0.0,0.0
2890,dandia_w,2,0.001,11.0,0.052
2890,gotri_n,0,50.004,0.0,0.0
2890,gotri_s,2,41.824,0.0,0.01
2890,jetalpur_e,1,48.227,0.0,0.013
2890,jetalpur_w,3,15.524,7.0,0.038
2890,manjalpur_n,29,0.213,402.0,0.405
2890,manjalpur_s,0,39.996,0.0,0.0
2890,natubhai_loop,4,0.0,132.0,0.658
2890,newsama_e,0,50.004,0.0,0.0
2890,newsama_w,1,43.477,0.0,0.013
2890,oldpadra_n,0,50.004,0.0,0.0
2890,oldpadra_s,4,43.64,0.0,0.038
2890,racecourse_n,1,48.971,0.0,0.009
2890,racecourse_s,12,7.737,214.0,0.107
2890,raopura_e,16,0.185,101.0,0.427
2890,raopura_w,2,0.228,2.0,0.053
2890,rcdutt_e,1,48.926,0.0,0.009
2890,rcdutt_w,0,50.004,0.0,0.0
2900,dandia_e,1,43.384,0.0,0.026
2900,dandia_w,0,39.996,0.0,0.0
2900,gotri_n,2,47.992,0.0,0.01
2900,gotri_s,1,48.058,0.0,0.005
2900,jetalpur_e,2,24.892,9.0,0.025
2900,jetalpur_w,4,11.695,33.0,0.05
2900,manjalpur_n,29,0.0,770.0,0.405
2900,manjalpur_s,3,36.938,0.0,0.042
2900,natubhai_loop,4,0.0,184.0,0.658
2900,newsama_e,0,50.004,0.0,0.0
2900,newsama_w,2,49.289,0.0,0.027
2900,oldpadra_n,0,50.004,0.0,0.0
2900,oldpadra_s,1,45.68,0.0,0.009
2900,racecourse_n,2,48.77,0.0,0.018
2900,racecourse_s,13,6.874,364.0,0.116
2900,raopura_e,14,0.143,94.0,0.374
2900,raopura_w,4,14.537,28.0,0.107
2900,rcdutt_e,0,50.004,0.0,0.0
2900,rcdutt_w,0,50.004,0.0,0.0
2910,dandia_e,0,39.996,0.0,0.0
2910,dandia_w,0,39.996,0.0,0.0
2910,gotri_n,2,47.944,0.0,0.01
2910,gotri_s,1,25.324,0.0,0.005
2910,jetalpur_e,0,50.004,0.0,0.0
2910,jetalpur_w,1,42.583,0.0,0.019
2910,manjalpur_n,27,0.44,874.0,0.388
2910,manjalpur_s,3,36.256,0.0,0.042
2910,natubhai_loop,4,0.0,224.0,0.658
2910,newsama_e,0,50.004,0.0,0.0
2910,newsama_w,0,50.004,0.0,0.012
2910,oldpadra_n,0,50.004,0.0,0.0
2910,oldpadra_s,0,50.004,0.0,0.0
2910,racecourse_n,1,48.131,0.0,0.009
2910,racecourse_s,13,7.14,484.0,0.116
2910,raopura_e,15,3.843,160.0,0.4
2910,raopura_w,1,27.313,0.0,0.036
2910,rcdutt_e,0,50.004,0.0,0.0
2910,rcdutt_w,0,50.004,0.0,0.0
2920,dandia_e,0,39.996,0.0,0.0
2920,dandia_w,4,33.071,0.0,0.104
2920,gotri_n,2,47.024,0.0,0.01
2920,gotri_s,2,33.336,10.0,0.01
2920,jetalpur_e,0,50.004,0.0,0.0
2920,jetalpur_w,4,44.474,0.0,0.05
2920,manjalpur_n,24,0.903,1021.0,0.336
2920,manjalpur_s,4,35.554,0.0,0.056
2920,natubhai_loop,4,0.0,264.0,0.658
2920,newsama_e,1,48.083,0.0,0.013
2920,newsama_w,0,50.004,0.0,0.0
2920,oldpadra_n,0,50.004,0.0,0.0
2920,oldpadra_s,3,48.135,0.0,0.028
2920,racecourse_n,0,50.004,0.0,0.0
2920,racecourse_s,13,3.572,609.0,0.116
2920,raopura_e,19,5.917,154.0,0.507
2920,raopura_w,0,39.996,0.0,0.0
2920,rcdutt_e,0,50.004,0.0,0.0
2920,rcdutt_w,0,50.004,0.0,0.0
2930,dandia_e,0,39.996,0.0,0.0
2930,dandia_w,4,1.485,17.0,0.104
2930,gotri_n,1,48.371,0.0,0.005
2930,gotri_s,3,27.64,20.0,0.015
2930,jetalpur_e,0,50.004,0.0,0.0
2930,jetalpur_w,2,44.2,0.0,0.025
2930,manjalpur_n,23,1.666,1251.0,0.322
2930,manjalpur_s,2,31.899,0.0,0.028
2930,natubhai_loop,4,0.0,304.0,0.658
2930,newsama_e,0,50.004,0.0,0.0
2930,newsama_w,0,50.004,0.0,0.0
2930,oldpadra_n,0,50.004,0.0,0.0
2930,oldpadra_s,3,47.146,0.0,0.028
2930,racecourse_n,0,50.004,0.0,0.0
2930,racecourse_s,13,3.572,739.0,0.116
2930,raopura_e,20,0.023,324.0,0.534
2930,raopura_w,0,39.996,0.0,0.0
2930,rcdutt_e,0,50.004,0.0,0.0
2930,rcdutt_w,2,48.856,0.0,0.017
2940,dandia_e,1,38.912,0.0,0.026
2940,dandia_w,6,10.829,56.0,0.156
2940,gotri_n,0,50.004,0.0,0.0
2940,gotri_s,3,26.588,30.0,0.015
2940,jetalpur_e,0,50.004,0.0,0.0
2940,jetalpur_w,0,50.004,0.0,0.0
2940,manjalpur_n,23,1.666,1481.0,0.322
2940,manjalpur_s,0,39.996,0.0,0.0
2940,natubhai_loop,4,0.0,344.0,0.658
2940,newsama_e,0,50.004,0.0,0.0
2940,newsama_w,2,47.341,0.0,0.027
2940,oldpadra_n,0,50.004,0.0,0.0
2940,oldpadra_s,2,42.02,0.0,0.019
2940,racecourse_n,0,50.004,0.0,0.0
2940,racecourse_s,13,3.572,869.0,0.116
2940,raopura_e,20,0.0,524.0,0.534
2940,raopura_w,0,39.996,0.0,0.0
2940,rcdutt_e,0,50.004,0.0,0.0
2940,rcdutt_w,2,48.412,0.0,0.017
2950,dandia_e,0,39.996,0.0,0.0
2950,dandia_w,2,19.277,0.0,0.052
2950,gotri_n,0,50.004,0.0,0.0
2950,gotri_s,2,43.767,0.0,0.011
2950,jetalpur_e,0,50.004,0.0,0.0
2950,jetalpur_w,0,50.004,0.0,0.0
2950,manjalpur_n,23,1.666,1780.0,0.322
2950,manjalpur_s,0,39.996,0.0,0.0
2950,natubhai_loop,4,0.0,396.0,0.658
2950,newsama_e,0,50.004,0.0,0.0
2950,newsama_w,2,2.308,0.0,0.027
2950,oldpadra_n,0,50.004,0.0,0.0
2950,oldpadra_s,2,41.823,0.0,0.019
2950,racecourse_n,0,50.004,0.0,0.0
2950,racecourse_s,14,6.61,1038.0,0.125
2950,raopura_e,19,1.168,404.0,0.507
2950,raopura_w,2,33.805,0.0,0.046
2950,rcdutt_e,0,50.004,0.0,0.0
2950,rcdutt_w,1,47.595,0.0,0.009
2960,dandia_e,0,39.996,0.0,0.0
2960,dandia_w,0,39.996,0.0,0.0
2960,gotri_n,0,50.004,0.0,0.0
2960,gotri_s,3,41.681,0.0,0.015
2960,jetalpur_e,0,50.004,0.0,0.0
2960,jetalpur_w,0,50.004,0.0,0.0
2960,manjalpur_n,23,1.666,2079.0,0.322
2960,manjalpur_s,0,39.996,0.0,0.0
2960,natubhai_loop,3,5.537,0.0,0.493
2960,newsama_e,2,47.477,0.0,0.027
2960,newsama_w,4,20.223,26.0,0.053
2960,oldpadra_n,1,49.548,0.0,0.009
2960,oldpadra_s,0,50.004,0.0,0.0
2960,racecourse_n,4,40.433,0.0,0.036
2960,racecourse_s,17,10.61,1105.0,0.159
2960,raopura_e,19,1.905,30.0,0.507
2960,raopura_w,4,2.785,4.0,0.107
2960,rcdutt_e,1,47.207,0.0,0.009
2960,rcdutt_w,1,47.93,0.0,0.009
2970,dandia_e,1,38.882,0.0,0.026
2970,dandia_w,2,35.596,0.0,0.052
2970,gotri_n,0,50.004,0.0,0.0
2970,gotri_s,2,45.403,0.0,0.01
2970,jetalpur_e,0,50.004,0.0,0.0
2970,jetalpur_w,0,50.004,0.0,0.0
2970,manjalpur_n,23,1.666,2309.0,0.322
2970,manjalpur_s,0,39.996,0.0,0.0
2970,natubhai_loop,4,0.021,22.0,0.658
2970,newsama_e,1,41.057,0.0,0.013
2970,newsama_w,4,17.705,46.0,0.053
2970,oldpadra_n,1,48.675,0.0,0.009
2970,oldpadra_s,0,50.004,0.0,0.0
2970,racecourse_n,4,41.779,0.0,0.036
2970,racecourse_s,18,13.212,175.0,0.16
2970,raopura_e,20,0.079,166.0,0.534
2970,raopura_w,4,0.0,42.0,0.107
2970,rcdutt_e,2,46.755,0.0,0.017
2970,rcdutt_w,0,50.004,0.0,0.0
2980,dandia_e,1,19.998,7.0,0.026
2980,dandia_w,2,17.475,0.0,0.052
2980,gotri_n,0,50.004,0.0,0.0
2980,gotri_s,2,44.3,0.0,0.01
2980,jetalpur_e,0,50.004,0.0,0.0
2980,jetalpur_w,0,50.004,0.0,0.0
2980,manjalpur_n,24,1.6,2545.0,0.336
2980,manjalpur_s,0,39.996,0.0,0.0
2980,natubhai_loop,4,0.0,62.0,0.658
2980,newsama_e,1,41.825,0.0,0.013
2980,newsama_w,4,0.0,80.0,0.053
2980,oldpadra_n,0,50.004,0.0,0.0
2980,oldpadra_s,0,50.004,0.0,0.0
2980,racecourse_n,3,37.79,0.0,0.027
2980,racecourse_s,16,8.077,82.0,0.143
2980,raopura_e,20,0.0,366.0,0.534
2980,raopura_w,4,0.0,82.0,0.107
2980,rcdutt_e,1,47.953,0.0,0.009
2980,rcdutt_w,0,50.004,0.0,0.0
2990,dandia_e,1,19.998,17.0,0.026
2990,dandia_w,2,0.0,15.0,0.052
2990,gotri_n,0,50.004,0.0,0.0
2990,gotri_s,2,45.745,0.0,0.01
2990,jetalpur_e,1,48.182,0.0,0.013
2990,jetalpur_w,0,50.004,0.0,0.0
2990,manjalpur_n,24,1.6,2785.0,0.336
2990,manjalpur_s,0,39.996,0.0,0.0
2990,natubhai_loop,4,0.0,102.0,0.658
2990,newsama_e,0,50.004,0.0,0.0
2990,newsama_w,4,0.0,120.0,0.053
2990,oldpadra_n,0,50.004,0.0,0.0
2990,oldpadra_s,0,50.004,0.0,0.0
2990,racecourse_n,2,44.146,0.0,0.018
2990,racecourse_s,14,3.164,207.0,0.125
2990,raopura_e,20,0.0,566.0,0.534
2990,raopura_w,6,9.134,122.0,0.16
2990,rcdutt_e,1,46.339,0.0,0.009
2990,rcdutt_w,0,50.004,0.0,0.0
3000,dandia_e,0,39.996,0.0,0.0
3000,dandia_w,2,0.0,35.0,0.052
3000,gotri_n,0,50.004,0.0,0.0
3000,gotri_s,2,0.0,12.0,0.01
3000,jetalpur_e,0,50.004,0.0,0.0
3000,jetalpur_w,4,43.014,0.0,0.05
3000,manjalpur_n,24,1.6,3025.0,0.336
3000,manjalpur_s,6,34.179,0.0,0.084
3000,natubhai_loop,4,0.0,142.0,0.658
3000,newsama_e,1,49.22,0.0,0.013
3000,newsama_w,0,50.004,0.0,0.0
3000,oldpadra_n,0,50.004,0.0,0.0
3000,oldpadra_s,0,50.004,0.0,0.0
3000,racecourse_n,2,35.524,0.0,0.018
3000,racecourse_s,13,3.572,337.0,0.116
3000,raopura_e,20,0.0,766.0,0.534
3000,raopura_w,0,39.996,0.0,0.0
3000,rcdutt_e,1,25.002,6.0,0.009
3000,rcdutt_w,1,48.527,0.0,0.009
3010,dandia_e,0,39.996,0.0,0.0
3010,dandia_w,2,0.0,55.0,0.052
3010,gotri_n,0,50.004,0.0,0.0
3010,gotri_s,2,0.0,32.0,0.01
3010,jetalpur_e,0,50.004,0.0,0.0
3010,jetalpur_w,3,41.158,0.0,0.047
3010,manjalpur_n,24,1.6,3265.0,0.336
3010,manjalpur_s,6,34.642,0.0,0.084
3010,natubhai_loop,4,0.0,182.0,0.658
3010,newsama_e,1,48.687,0.0,0.013
3010,newsama_w,0,50.004,0.0,0.0
3010,oldpadra_n,0,50.004,0.0,0.0
3010,oldpadra_s,0,50.004,0.0,0.0
3010,racecourse_n,0,50.004,0.0,0.0
3010,racecourse_s,13,3.572,467.0,0.116
3010,raopura_e,20,0.0,966.0,0.534
3010,raopura_w,0,39.996,0.0,0.0
3010,rcdutt_e,3,29.958,16.0,0.026
3010,rcdutt_w,1,48.462,0.0,0.009
3020,dandia_e,0,39.996,0.0,0.0
3020,dandia_w,6,21.146,75.0,0.156
3020,gotri_n,0,50.004,0.0,0.0
3020,gotri_s,2,0.0,52.0,0.01
3020,jetalpur_e,0,50.004,0.0,0.0
3020,jetalpur_w,0,50.004,0.0,0.0
3020,manjalpur_n,24,1.6,3505.0,0.336
3020,manjalpur_s,0,39.996,0.0,0.0
3020,natubhai_loop,4,0.0,222.0,0.658
3020,newsama_e,0,50.004,0.0,0.0
3020,newsama_w,0,50.004,0.0,0.0
3020,oldpadra_n,0,50.004,0.0,0.0
3020,oldpadra_s,6,44.24,0.0,0.057
3020,racecourse_n,0,50.004,0.0,0.0
3020,racecourse_s,13,3.572,597.0,0.116
3020,raopura_e,20,0.0,1166.0,0.534
3020,raopura_w,0,39.996,0.0,0.0
3020,rcdutt_e,3,30.168,26.0,0.026
3020,rcdutt_w,0,50.004,0.0,0.0
3030,dandia_e,0,39.996,0.0,0.0
3030,dandia_w,6,0.036,112.0,0.156
3030,gotri_n,0,50.004,0.0,0.0
3030,gotri_s,2,0.0,72.0,0.01
3030,jetalpur_e,0,50.004,0.0,0.0
3030,jetalpur_w,0,50.004,0.0,0.0
3030,manjalpur_n,24,1.6,3745.0,0.336
3030,manjalpur_s,0,39.996,0.0,0.0
3030,natubhai_loop,4,0.0,262.0,0.658
3030,newsama_e,0,50.004,0.0,0.0
3030,newsama_w,0,50.004,0.0,0.0
3030,oldpadra_n,0,50.004,0.0,0.0
3030,oldpadra_s,6,45.119,0.0,0.057
3030,racecourse_n,0,50.004,0.0,0.0
3030,racecourse_s,14,3.101,727.0,0.125
3030,raopura_e,20,0.0,1366.0,0.534
3030,raopura_w,0,39.996,0.0,0.0
3030,rcdutt_e,2,20.048,36.0,0.017
3030,rcdutt_w,0,50.004,0.0,0.0
3040,dandia_e,0,39.996,0.0,0.0
3040,dandia_w,7,4.53,172.0,0.182
3040,gotri_n,0,50.004,0.0,0.0
3040,gotri_s,0,50.004,0.0,0.0
3040,jetalpur_e,0,50.004,0.0,0.0
3040,jetalpur_w,2,32.41,0.0,0.025
3040,manjalpur_n,24,1.6,3985.0,0.336
3040,manjalpur_s,0,39.996,0.0,0.0
3040,natubhai_loop,4,0.0,302.0,0.658
3040,newsama_e,0,50.004,0.0,0.0
3040,newsama_w,0,50.004,0.0,0.0
3040,oldpadra_n,0,50.004,0.0,0.0
3040,oldpadra_s,1,42.678,0.0,0.009
3040,racecourse_n,0,50.004,0.0,0.0
3040,racecourse_s,14,3.191,857.0,0.125
3040,raopura_e,20,0.0,1566.0,0.534
3040,raopura_w,0,39.996,0.0,0.0
3040,rcdutt_e,0,50.004,0.0,0.0
3040,rcdutt_w,0,50.004,0.0,0.0
3050,dandia_e,0,39.996,0.0,0.0
3050,dandia_w,7,0.003,235.0,0.182
3050,gotri_n,0,50.004,0.0,0.0
3050,gotri_s,0,50.004,0.0,0.0
3050,jetalpur_e,0,50.004,0.0,0.0
3050,jetalpur_w,2,43.751,0.0,0.025
3050,manjalpur_n,24,1.6,4225.0,0.336
3050,manjalpur_s,0,39.996,0.0,0.0
3050,natubhai_loop,4,0.0,342.0,0.658
3050,newsama_e,0,50.004,0.0,0.0
3050,newsama_w,0,50.004,0.0,0.0
3050,oldpadra_n,0,50.004,0.0,0.0
3050,oldpadra_s,0,50.004,0.0,0.0
3050,racecourse_n,0,50.004,0.0,0.0
3050,racecourse_s,13,3.572,987.0,0.116
3050,raopura_e,20,0.0,1766.0,0.534
3050,raopura_w,0,39.996,0.0,0.0
3050,rcdutt_e,0,50.004,0.0,0.0
3050,rcdutt_w,0,50.004,0.0,0.0
3060,dandia_e,0,39.996,0.0,0.0
3060,dandia_w,7,0.0,305.0,0.182
3060,gotri_n,0,50.004,0.0,0.0
3060,gotri_s,0,50.004,0.0,0.0
3060,jetalpur_e,0,50.004,0.0,0.0
3060,jetalpur_w,0,50.004,0.0,0.0
3060,manjalpur_n,24,1.6,4465.0,0.336
3060,manjalpur_s,0,39.996,0.0,0.0
3060,natubhai_loop,4,0.0,382.0,0.658
3060,newsama_e,0,50.004,0.0,0.0
3060,newsama_w,0,50.004,0.0,0.0
3060,oldpadra_n,0,50.004,0.0,0.0
3060,oldpadra_s,0,50.004,0.0,0.0
3060,racecourse_n,0,50.004,0.0,0.0
3060,racecourse_s,13,3.572,1117.0,0.116
3060,raopura_e,20,0.0,1966.0,0.534
3060,raopura_w,0,39.996,0.0,0.0
3060,rcdutt_e,0,50.004,0.0,0.0
3060,rcdutt_w,2,45.028,0.0,0.017
3070,dandia_e,0,39.996,0.0,0.0
3070,dandia_w,7,0.0,375.0,0.182
3070,gotri_n,0,50.004,0.0,0.0
3070,gotri_s,0,50.004,0.0,0.0
3070,jetalpur_e,0,50.004,0.0,0.0
3070,jetalpur_w,0,50.004,0.0,0.0
3070,manjalpur_n,24,1.6,4705.0,0.336
3070,manjalpur_s,0,39.996,0.0,0.0
3070,natubhai_loop,4,0.0,422.0,0.658
3070,newsama_e,0,50.004,0.0,0.0
3070,newsama_w,0,50.004,0.0,0.0
3070,oldpadra_n,0,50.004,0.0,0.0
3070,oldpadra_s,0,50.004,0.0,0.0
3070,racecourse_n,0,50.004,0.0,0.0
3070,racecourse_s,13,3.572,1247.0,0.116
3070,raopura_e,20,0.0,2166.0,0.534
3070,raopura_w,0,39.996,0.0,0.0
3070,rcdutt_e,0,50.004,0.0,0.0
3070,rcdutt_w,2,44.46,0.0,0.017
3080,dandia_e,0,39.996,0.0,0.0
3080,dandia_w,7,0.0,445.0,0.182
3080,gotri_n,0,50.004,0.0,0.0
3080,gotri_s,0,50.004,0.0,0.0
3080,jetalpur_e,0,50.004,0.0,0.0
3080,jetalpur_w,0,50.004,0.0,0.0
3080,manjalpur_n,24,1.6,4945.0,0.336
3080,manjalpur_s,0,39.996,0.0,0.0
3080,natubhai_loop,4,0.0,462.0,0.658
3080,newsama_e,0,50.004,0.0,0.0
3080,newsama_w,0,50.004,0.0,0.0
3080,oldpadra_n,0,50.004,0.0,0.0
3080,oldpadra_s,0,50.004,0.0,0.0
3080,racecourse_n,0,50.004,0.0,0.0
3080,racecourse_s,13,3.572,1377.0,0.116
3080,raopura_e,20,0.0,2366.0,0.534
3080,raopura_w,0,39.996,0.0,0.0
3080,rcdutt_e,0,50.004,0.0,0.0
3080,rcdutt_w,2,45.319,0.0,0.017
3090,dandia_e,0,39.996,0.0,0.0
3090,dandia_w,7,0.0,536.0,0.182
3090,gotri_n,0,50.004,0.0,0.0
3090,gotri_s,0,50.004,0.0,0.0
3090,jetalpur_e,0,50.004,0.0,0.0
3090,jetalpur_w,0,50.004,0.0,0.0
3090,manjalpur_n,24,1.6,5257.0,0.336
3090,manjalpur_s,0,39.996,0.0,0.0
3090,natubhai_loop,4,0.0,514.0,0.658
3090,newsama_e,0,50.004,0.0,0.0
3090,newsama_w,0,50.004,0.0,0.0
3090,oldpadra_n,0,50.004,0.0,0.0
3090,oldpadra_s,0,50.004,0.0,0.0
3090,racecourse_n,0,50.004,0.0,0.0
3090,racecourse_s,15,5.801,1546.0,0.134
3090,raopura_e,20,0.0,2626.0,0.534
3090,raopura_w,0,39.996,0.0,0.0
3090,rcdutt_e,0,50.004,0.0,0.0
3090,rcdutt_w,0,50.004,0.0,0.0
3100,dandia_e,1,36.105,0.0,0.026
3100,dandia_w,3,0.0,22.0,0.078
3100,gotri_n,0,50.004,0.0,0.0
3100,gotri_s,0,50.004,0.0,0.0
3100,jetalpur_e,1,48.967,0.0,0.013
3100,jetalpur_w,0,50.004,0.0,0.0
3100,manjalpur_n,23,2.357,4876.0,0.322
3100,manjalpur_s,1,36.824,0.0,0.014
3100,natubhai_loop,4,0.0,578.0,0.658
3100,newsama_e,0,50.004,0.0,0.0
3100,newsama_w,0,50.004,0.0,0.0
3100,oldpadra_n,0,50.004,0.0,0.0
3100,oldpadra_s,0,50.004,0.0,0.0
3100,racecourse_n,1,49.337,0.0,0.009
3100,racecourse_s,15,5.744,1754.0,0.134
3100,raopura_e,18,0.739,33.0,0.48
3100,raopura_w,1,37.975,0.0,0.037
3100,rcdutt_e,0,50.004,0.0,0.0
3100,rcdutt_w,0,50.004,0.0,0.0
3110,dandia_e,2,36.022,0.0,0.052
3110,dandia_w,0,39.996,0.0,0.0
3110,gotri_n,0,50.004,0.0,0.0
3110,gotri_s,0,50.004,0.0,0.0
3110,jetalpur_e,2,45.832,0.0,0.025
3110,jetalpur_w,0,50.004,0.0,0.0
3110,manjalpur_n,23,2.606,2121.0,0.322
3110,manjalpur_s,4,37.834,0.0,0.056
3110,natubhai_loop,4,0.0,630.0,0.658
3110,newsama_e,0,50.004,0.0,0.0
3110,newsama_w,0,50.004,0.0,0.0
3110,oldpadra_n,0,50.004,0.0,0.0
3110,oldpadra_s,0,50.004,0.0,0.0
3110,racecourse_n,2,45.235,0.0,0.018
3110,racecourse_s,13,3.572,1923.0,0.116
3110,raopura_e,16,1.215,18.0,0.415
3110,raopura_w,3,30.889,0.0,0.08
3110,rcdutt_e,0,50.004,0.0,0.0
3110,rcdutt_w,0,50.004,0.0,0.0
3120,dandia_e,2,0.0,12.0,0.052
3120,dandia_w,0,39.996,0.0,0.0
3120,gotri_n,1,47.712,0.0,0.005
3120,gotri_s,0,50.004,0.0,0.0
3120,jetalpur_e,1,35.926,0.0,0.013
3120,jetalpur_w,0,50.004,0.0,0.0
3120,manjalpur_n,23,2.426,154.0,0.322
3120,manjalpur_s,0,39.996,0.0,0.0
3120,natubhai_loop,4,0.0,670.0,0.658
3120,newsama_e,0,50.004,0.0,0.0
3120,newsama_w,0,50.004,0.0,0.0
3120,oldpadra_n,0,50.004,0.0,0.0
3120,oldpadra_s,2,48.667,0.0,0.019
3120,racecourse_n,1,47.529,0.0,0.009
3120,racecourse_s,13,3.572,2053.0,0.116
3120,raopura_e,16,0.203,119.0,0.427
3120,raopura_w,3,0.0,18.0,0.08
3120,rcdutt_e,0,50.004,0.0,0.0
3120,rcdutt_w,0,50.004,0.0,0.0
3130,dandia_e,2,0.0,32.0,0.052
3130,dandia_w,0,39.996,0.0,0.0
3130,gotri_n,1,49.516,0.0,0.005
3130,gotri_s,0,50.004,0.0,0.0
3130,jetalpur_e,1,25.002,8.0,0.013
3130,jetalpur_w,0,50.004,0.0,0.0
3130,manjalpur_n,23,1.745,329.0,0.322
3130,manjalpur_s,0,39.996,0.0,0.0
3130,natubhai_loop,4,0.0,710.0,0.658
3130,newsama_e,0,50.004,0.0,0.0
3130,newsama_w,0,50.004,0.0,0.0
3130,oldpadra_n,0,50.004,0.0,0.0
3130,oldpadra_s,2,48.566,0.0,0.019
3130,racecourse_n,1,39.109,0.0,0.009
3130,racecourse_s,13,3.572,2183.0,0.116
3130,raopura_e,16,0.0,273.0,0.427
3130,raopura_w,3,0.0,48.0,0.08
3130,rcdutt_e,0,50.004,0.0,0.0
3130,rcdutt_w,0,50.004,0.0,0.0
3140,dandia_e,2,0.0,52.0,0.052
3140,dandia_w,0,39.996,0.0,0.0
3140,gotri_n,1,48.115,0.0,0.005
3140,gotri_s,0,50.004,0.0,0.0
3140,jetalpur_e,1,25.002,18.0,0.013
3140,jetalpur_w,0,50.004,0.0,0.0
3140,manjalpur_n,23,1.667,557.0,0.322
3140,manjalpur_s,0,39.996,0.0,0.0
3140,natubhai_loop,4,0.0,750.0,0.658
3140,newsama_e,0,50.004,0.0,0.0
3140,newsama_w,0,50.004,0.0,0.0
3140,oldpadra_n,0,50.004,0.0,0.0
3140,oldpadra_s,0,50.004,0.0,0.0
3140,racecourse_n,0,50.004,0.0,0.0
3140,racecourse_s,13,3.572,2313.0,0.116
3140,raopura_e,16,0.0,433.0,0.427
3140,raopura_w,3,0.0,78.0,0.08
3140,rcdutt_e,1,48.763,0.0,0.009
3140,rcdutt_w,0,50.004,0.0,0.0
3150,dandia_e,2,0.0,72.0,0.052
3150,dandia_w,0,39.996,0.0,0.0
3150,gotri_n,1,49.423,0.0,0.005
3150,gotri_s,0,50.004,0.0,0.0
3150,jetalpur_e,1,25.002,28.0,0.013
3150,jetalpur_w,0,50.004,0.0,0.0
3150,manjalpur_n,23,1.666,787.0,0.322
3150,manjalpur_s,0,39.996,0.0,0.0
3150,natubhai_loop,4,0.0,790.0,0.658
3150,newsama_e,0,50.004,0.0,0.0
3150,newsama_w,0,50.004,0.0,0.0
3150,oldpadra_n,0,50.004,0.0,0.0
3150,oldpadra_s,0,50.004,0.0,0.0
3150,racecourse_n,0,50.004,0.0,0.0
3150,racecourse_s,13,3.572,2443.0,0.116
3150,raopura_e,16,0.0,593.0,0.427
3150,raopura_w,3,0.0,108.0,0.08
3150,rcdutt_e,1,48.425,0.0,0.009
3150,rcdutt_w,0,50.004,0.0,0.0
3160,dandia_e,0,39.996,0.0,0.007
3160,dandia_w,0,39.996,0.0,0.0
3160,gotri_n,0,50.004,0.0,0.0
3160,gotri_s,0,50.004,0.0,0.0
3160,jetalpur_e,0,50.004,0.0,0.001
3160,jetalpur_w,0,50.004,0.0,0.0
3160,manjalpur_n,23,1.666,1017.0,0.322
3160,manjalpur_s,0,39.996,0.0,0.0
3160,natubhai_loop,4,0.0,830.0,0.658
3160,newsama_e,0,50.004,0.0,0.0
3160,newsama_w,0,50.004,0.0,0.0
3160,oldpadra_n,0,50.004,0.0,0.0
3160,oldpadra_s,0,50.004,0.0,0.0
3160,racecourse_n,0,50.004,0.0,0.0
3160,racecourse_s,13,3.572,2573.0,0.116
3160,raopura_e,16,0.0,753.0,0.427
3160,raopura_w,1,22.638,0.0,0.028
3160,rcdutt_e,1,25.748,0.0,0.009
3160,rcdutt_w,0,50.004,0.0,0.0
3170,dandia_e,0,39.996,0.0,0.0
3170,dandia_w,0,39.996,0.0,0.0
3170,gotri_n,1,43.541,0.0,0.005
3170,gotri_s,0,50.004,0.0,0.0
3170,jetalpur_e,2,41.426,0.0,0.025
3170,jetalpur_w,0,50.004,0.0,0.0
3170,manjalpur_n,23,1.666,1247.0,0.322
3170,manjalpur_s,3,31.529,0.0,0.042
3170,natubhai_loop,4,0.0,870.0,0.658
3170,newsama_e,0,50.004,0.0,0.0
3170,newsama_w,0,50.004,0.0,0.0
3170,oldpadra_n,0,50.004,0.0,0.0
3170,oldpadra_s,0,50.004,0.0,0.0
3170,racecourse_n,0,50.004,0.0,0.0
3170,racecourse_s,13,3.572,2703.0,0.116
3170,raopura_e,16,0.0,913.0,0.427
3170,raopura_w,0,39.996,0.0,0.0
3170,rcdutt_e,1,25.002,9.0,0.009
3170,rcdutt_w,0,50.004,0.0,0.0
3180,dandia_e,0,39.996,0.0,0.0
3180,dandia_w,0,39.996,0.0,0.0
3180,gotri_n,1,44.925,0.0,0.005
3180,gotri_s,0,50.004,0.0,0.0
3180,jetalpur_e,2,42.111,0.0,0.025
3180,jetalpur_w,0,50.004,0.0,0.0
3180,manjalpur_n,23,1.666,1477.0,0.322
3180,manjalpur_s,3,32.459,0.0,0.042
3180,natubhai_loop,4,0.0,910.0,0.658
3180,newsama_e,0,50.004,0.0,0.0
3180,newsama_w,0,50.004,0.0,0.0
3180,oldpadra_n,0,50.004,0.0,0.0
3180,oldpadra_s,0,50.004,0.0,0.0
3180,racecourse_n,0,50.004,0.0,0.0
3180,racecourse_s,13,3.572,2833.0,0.116
3180,raopura_e,16,0.0,1073.0,0.427
3180,raopura_w,0,39.996,0.0,0.0
3180,rcdutt_e,1,25.002,19.0,0.009
3180,rcdutt_w,0,50.004,0.0,0.0
3190,dandia_e,0,39.996,0.0,0.0
3190,dandia_w,0,39.996,0.0,0.0
3190,gotri_n,3,37.209,0.0,0.015
3190,gotri_s,0,50.004,0.0,0.0
3190,jetalpur_e,0,50.004,0.0,0.0
3190,jetalpur_w,0,50.004,0.0,0.0
3190,manjalpur_n,23,1.666,1707.0,0.322
3190,manjalpur_s,0,39.996,0.0,0.0
3190,natubhai_loop,4,0.0,950.0,0.658
3190,newsama_e,0,50.004,0.0,0.0
3190,newsama_w,0,50.004,0.0,0.0
3190,oldpadra_n,0,50.004,0.0,0.0
3190,oldpadra_s,1,47.501,0.0,0.009
3190,racecourse_n,0,50.004,0.0,0.0
3190,racecourse_s,13,3.572,2963.0,0.116
3190,raopura_e,16,0.0,1233.0,0.427
3190,raopura_w,0,39.996,0.0,0.0
3190,rcdutt_e,1,25.002,29.0,0.009
3190,rcdutt_w,0,50.004,0.0,0.0
3200,dandia_e,0,39.996,0.0,0.0
3200,dandia_w,0,39.996,0.0,0.0
3200,gotri_n,3,41.285,0.0,0.015
3200,gotri_s,0,50.004,0.0,0.0
3200,jetalpur_e,0,50.004,0.0,0.0
3200,jetalpur_w,0,50.004,0.0,0.0
3200,manjalpur_n,23,1.666,1937.0,0.322
3200,manjalpur_s,0,39.996,0.0,0.0
3200,natubhai_loop,4,0.0,990.0,0.658
3200,newsama_e,0,50.004,0.0,0.0
3200,newsama_w,0,50.004,0.0,0.0
3200,oldpadra_n,0,50.004,0.0,0.0
3200,oldpadra_s,1,48.465,0.0,0.009
3200,racecourse_n,0,50.004,0.0,0.0
3200,racecourse_s,13,3.572,3093.0,0.116
3200,raopura_e,16,0.0,1393.0,0.427
3200,raopura_w,0,39.996,0.0,0.0
3200,rcdutt_e,1,25.002,39.0,0.009
3200,rcdutt_w,0,50.004,0.0,0.0
3210,dandia_e,0,39.996,0.0,0.0
3210,dandia_w,0,39.996,0.0,0.0
3210,gotri_n,3,42.843,0.0,0.015
3210,gotri_s,0,50.004,0.0,0.0
3210,jetalpur_e,1,48.615,0.0,0.013
3210,jetalpur_w,0,50.004,0.0,0.0
3210,manjalpur_n,23,1.666,2167.0,0.322
3210,manjalpur_s,0,39.996,0.0,0.0
3210,natubhai_loop,4,0.0,1030.0,0.658
3210,newsama_e,0,50.004,0.0,0.0
3210,newsama_w,0,50.004,0.0,0.0
3210,oldpadra_n,0,50.004,0.0,0.0
3210,oldpadra_s,0,50.004,0.0,0.0
3210,racecourse_n,0,50.004,0.0,0.0
3210,racecourse_s,13,3.572,3223.0,0.116
3210,raopura_e,16,0.0,1553.0,0.427
3210,raopura_w,0,39.996,0.0,0.0
3210,rcdutt_e,0,50.004,0.0,0.0
3210,rcdutt_w,0,50.004,0.0,0.0
3220,dandia_e,0,39.996,0.0,0.0
3220,dandia_w,0,39.996,0.0,0.0
3220,gotri_n,2,45.329,0.0,0.01
3220,gotri_s,0,50.004,0.0,0.0
3220,jetalpur_e,1,48.268,0.0,0.013
3220,jetalpur_w,0,50.004,0.0,0.0
3220,manjalpur_n,23,1.666,2397.0,0.322
3220,manjalpur_s,0,39.996,0.0,0.0
3220,natubhai_loop,4,0.0,1070.0,0.658
3220,newsama_e,0,50.004,0.0,0.0
3220,newsama_w,0,50.004,0.0,0.0
3220,oldpadra_n,0,50.004,0.0,0.0
3220,oldpadra_s,0,50.004,0.0,0.0
3220,racecourse_n,0,50.004,0.0,0.0
3220,racecourse_s,13,3.572,3353.0,0.116
3220,raopura_e,16,0.0,1713.0,0.427
3220,raopura_w,0,39.996,0.0,0.0
3220,rcdutt_e,0,50.004,0.0,0.0
3220,rcdutt_w,0,50.004,0.0,0.0
3230,dandia_e,0,39.996,0.0,0.0
3230,dandia_w,0,39.996,0.0,0.0
3230,gotri_n,1,44.305,0.0,0.005
3230,gotri_s,0,50.004,0.0,0.0
3230,jetalpur_e,0,50.004,0.0,0.0
3230,jetalpur_w,0,50.004,0.0,0.0
3230,manjalpur_n,23,1.666,2627.0,0.322
3230,manjalpur_s,0,39.996,0.0,0.0
3230,natubhai_loop,4,0.0,1110.0,0.658
3230,newsama_e,0,50.004,0.0,0.0
3230,newsama_w,0,50.004,0.0,0.0
3230,oldpadra_n,0,50.004,0.0,0.0
3230,oldpadra_s,0,50.004,0.0,0.0
3230,racecourse_n,0,50.004,0.0,0.0
3230,racecourse_s,13,3.572,3483.0,0.116
3230,raopura_e,16,0.0,1873.0,0.427
3230,raopura_w,0,39.996,0.0,0.0
3230,rcdutt_e,0,50.004,0.0,0.0
3230,rcdutt_w,0,50.004,0.0,0.0
3240,dandia_e,0,39.996,0.0,0.0
3240,dandia_w,0,39.996,0.0,0.0
3240,gotri_n,0,50.004,0.0,0.0
3240,gotri_s,0,50.004,0.0,0.0
3240,jetalpur_e,0,50.004,0.0,0.0
3240,jetalpur_w,0,50.004,0.0,0.0
3240,manjalpur_n,23,1.666,2857.0,0.322
3240,manjalpur_s,0,39.996,0.0,0.0
3240,natubhai_loop,4,0.0,1150.0,0.658
3240,newsama_e,0,50.004,0.0,0.0
3240,newsama_w,0,50.004,0.0,0.0
3240,oldpadra_n,0,50.004,0.0,0.0
3240,oldpadra_s,0,50.004,0.0,0.0
3240,racecourse_n,0,50.004,0.0,0.0
3240,racecourse_s,13,3.572,3613.0,0.116
3240,raopura_e,16,0.0,2033.0,0.427
3240,raopura_w,0,39.996,0.0,0.0
3240,rcdutt_e,0,50.004,0.0,0.0
3240,rcdutt_w,0,50.004,0.0,0.0
3250,dandia_e,0,39.996,0.0,0.0
3250,dandia_w,0,39.996,0.0,0.0
3250,gotri_n,0,50.004,0.0,0.0
3250,gotri_s,0,50.004,0.0,0.0
3250,jetalpur_e,0,50.004,0.0,0.0
3250,jetalpur_w,0,50.004,0.0,0.0
3250,manjalpur_n,23,1.666,3087.0,0.322
3250,manjalpur_s,0,39.996,0.0,0.0
3250,natubhai_loop,4,0.0,1190.0,0.658
3250,newsama_e,0,50.004,0.0,0.0
3250,newsama_w,0,50.004,0.0,0.0
3250,oldpadra_n,0,50.004,0.0,0.0
3250,oldpadra_s,0,50.004,0.0,0.0
3250,racecourse_n,0,50.004,0.0,0.0
3250,racecourse_s,13,3.572,3743.0,0.116
3250,raopura_e,16,0.0,2193.0,0.427
3250,raopura_w,0,39.996,0.0,0.0
3250,rcdutt_e,0,50.004,0.0,0.0
3250,rcdutt_w,0,50.004,0.0,0.0
3260,dandia_e,1,34.3,0.0,0.026
3260,dandia_w,0,39.996,0.0,0.0
3260,gotri_n,0,50.004,0.0,0.0
3260,gotri_s,0,50.004,0.0,0.0
3260,jetalpur_e,0,50.004,0.0,0.0
3260,jetalpur_w,0,50.004,0.0,0.0
3260,manjalpur_n,23,1.666,3317.0,0.322
3260,manjalpur_s,0,39.996,0.0,0.0
3260,natubhai_loop,4,0.196,12.0,0.658
3260,newsama_e,0,50.004,0.0,0.0
3260,newsama_w,0,50.004,0.0,0.0
3260,oldpadra_n,0,50.004,0.0,0.0
3260,oldpadra_s,0,50.004,0.0,0.0
3260,racecourse_n,0,50.004,0.0,0.0
3260,racecourse_s,10,7.913,1754.0,0.089
3260,raopura_e,17,0.1,2353.0,0.454
3260,raopura_w,0,39.996,0.0,0.0
3260,rcdutt_e,0,50.004,0.0,0.0
3260,rcdutt_w,0,50.004,0.0,0.0
3270,dandia_e,2,31.924,0.0,0.052
3270,dandia_w,0,39.996,0.0,0.0
3270,gotri_n,0,50.004,0.0,0.0
3270,gotri_s,0,50.004,0.0,0.0
3270,jetalpur_e,0,50.004,0.0,0.0
3270,jetalpur_w,0,50.004,0.0,0.0
3270,manjalpur_n,23,1.666,3547.0,0.322
3270,manjalpur_s,0,39.996,0.0,0.0
3270,natubhai_loop,4,0.0,52.0,0.658
3270,newsama_e,0,50.004,0.0,0.0
3270,newsama_w,0,50.004,0.0,0.0
3270,oldpadra_n,0,50.004,0.0,0.0
3270,oldpadra_s,0,50.004,0.0,0.0
3270,racecourse_n,0,50.004,0.0,0.0
3270,racecourse_s,9,12.957,7.0,0.08
3270,raopura_e,17,0.0,2523.0,0.454
3270,raopura_w,0,39.996,0.0,0.0
3270,rcdutt_e,0,50.004,0.0,0.0
3270,rcdutt_w,0,50.004,0.0,0.0
3280,dandia_e,0,39.996,0.0,0.0
3280,dandia_w,0,39.996,0.0,0.0
3280,gotri_n,0,50.004,0.0,0.0
3280,gotri_s,0,50.004,0.0,0.0
3280,jetalpur_e,3,40.743,0.0,0.038
3280,jetalpur_w,0,50.004,0.0,0.0
3280,manjalpur_n,23,1.666,3777.0,0.322
3280,manjalpur_s,0,39.996,0.0,0.0
3280,natubhai_loop,4,0.0,92.0,0.658
3280,newsama_e,0,50.004,0.0,0.0
3280,newsama_w,0,50.004,0.0,0.0
3280,oldpadra_n,0,50.004,0.0,0.0
3280,oldpadra_s,0,50.004,0.0,0.0
3280,racecourse_n,0,50.004,0.0,0.0
3280,racecourse_s,9,5.028,69.0,0.08
3280,raopura_e,17,0.0,2693.0,0.454
3280,raopura_w,0,39.996,0.0,0.0
3280,rcdutt_e,0,50.004,0.0,0.0
3280,rcdutt_w,0,50.004,0.0,0.0
3290,dandia_e,0,39.996,0.0,0.0
3290,dandia_w,0,39.996,0.0,0.0
3290,gotri_n,0,50.004,0.0,0.0
3290,gotri_s,0,50.004,0.0,0.0
3290,jetalpur_e,2,39.976,0.0,0.025
3290,jetalpur_w,0,50.004,0.0,0.0
3290,manjalpur_n,23,1.666,4007.0,0.322
3290,manjalpur_s,0,39.996,0.0,0.0
3290,natubhai_loop,4,0.0,132.0,0.658
3290,newsama_e,1,48.401,0.0,0.013
3290,newsama_w,0,50.004,0.0,0.0
3290,oldpadra_n,0,50.004,0.0,0.0
3290,oldpadra_s,0,50.004,0.0,0.0
3290,racecourse_n,0,50.004,0.0,0.0
3290,racecourse_s,9,5.0,159.0,0.08
3290,raopura_e,17,0.0,2863.0,0.454
3290,raopura_w,0,39.996,0.0,0.0
3290,rcdutt_e,0,50.004,0.0,0.0
3290,rcdutt_w,0,50.004,0.0,0.0
3300,dandia_e,0,39.996,0.0,0.0
3300,dandia_w,0,39.996,0.0,0.0
3300,gotri_n,0,50.004,0.0,0.0
3300,gotri_s,0,50.004,0.0,0.0
3300,jetalpur_e,2,0.008,6.0,0.025
3300,jetalpur_w,0,50.004,0.0,0.0
3300,manjalpur_n,23,1.666,4237.0,0.322
3300,manjalpur_s,0,39.996,0.0,0.0
3300,natubhai_loop,4,0.0,172.0,0.658
3300,newsama_e,1,48.051,0.0,0.013
3300,newsama_w,0,50.004,0.0,0.0
3300,oldpadra_n,0,50.004,0.0,0.0
3300,oldpadra_s,0,50.004,0.0,0.0
3300,racecourse_n,0,50.004,0.0,0.0
3300,racecourse_s,9,5.0,249.0,0.08
3300,raopura_e,17,0.0,3033.0,0.454
3300,raopura_w,0,39.996,0.0,0.0
3300,rcdutt_e,0,50.004,0.0,0.0
3300,rcdutt_w,0,50.004,0.0,0.0
3310,dandia_e,0,39.996,0.0,0.0
3310,dandia_w,0,39.996,0.0,0.0
3310,gotri_n,0,50.004,0.0,0.0
3310,gotri_s,0,50.004,0.0,0.0
3310,jetalpur_e,2,0.0,26.0,0.025
3310,jetalpur_w,0,50.004,0.0,0.0
3310,manjalpur_n,23,1.666,4467.0,0.322
3310,manjalpur_s,0,39.996,0.0,0.0
3310,natubhai_loop,4,0.0,212.0,0.658
3310,newsama_e,0,50.004,0.0,0.0
3310,newsama_w,0,50.004,0.0,0.0
3310,oldpadra_n,0,50.004,0.0,0.0
3310,oldpadra_s,0,50.004,0.0,0.0
3310,racecourse_n,0,50.004,0.0,0.0
3310,racecourse_s,9,5.0,339.0,0.08
3310,raopura_e,17,0.0,3203.0,0.454
3310,raopura_w,0,39.996,0.0,0.0
3310,rcdutt_e,0,50.004,0.0,0.0
3310,rcdutt_w,0,50.004,0.0,0.0
3320,dandia_e,0,39.996,0.0,0.0
3320,dandia_w,0,39.996,0.0,0.0
3320,gotri_n,0,50.004,0.0,0.0
3320,gotri_s,0,50.004,0.0,0.0
3320,jetalpur_e,2,0.0,46.0,0.025
3320,jetalpur_w,0,50.004,0.0,0.0
3320,manjalpur_n,23,1.666,4697.0,0.322
3320,manjalpur_s,0,39.996,0.0,0.0
3320,natubhai_loop,4,0.0,252.0,0.658
3320,newsama_e,0,50.004,0.0,0.0
3320,newsama_w,0,50.004,0.0,0.0
3320,oldpadra_n,0,50.004,0.0,0.0
3320,oldpadra_s,0,50.004,0.0,0.0
3320,racecourse_n,0,50.004,0.0,0.0
3320,racecourse_s,9,5.0,429.0,0.08
3320,raopura_e,17,0.0,3373.0,0.454
3320,raopura_w,0,39.996,0.0,0.0
3320,rcdutt_e,0,50.004,0.0,0.0
3320,rcdutt_w,0,50.004,0.0,0.0
3330,dandia_e,0,39.996,0.0,0.0
3330,dandia_w,0,39.996,0.0,0.0
3330,gotri_n,0,50.004,0.0,0.0
3330,gotri_s,0,50.004,0.0,0.0
3330,jetalpur_e,2,0.0,66.0,0.025
3330,jetalpur_w,0,50.004,0.0,0.0
3330,manjalpur_n,23,1.666,4927.0,0.322
3330,manjalpur_s,0,39.996,0.0,0.0
3330,natubhai_loop,4,0.0,292.0,0.658
3330,newsama_e,0,50.004,0.0,0.0
3330,newsama_w,0,50.004,0.0,0.0
3330,oldpadra_n,0,50.004,0.0,0.0
3330,oldpadra_s,0,50.004,0.0,0.0
3330,racecourse_n,0,50.004,0.0,0.0
3330,racecourse_s,9,5.0,519.0,0.08
3330,raopura_e,17,0.0,3543.0,0.454
3330,raopura_w,0,39.996,0.0,0.0
3330,rcdutt_e,0,50.004,0.0,0.0
3330,rcdutt_w,0,50.004,0.0,0.0
3340,dandia_e,0,39.996,0.0,0.0
3340,dandia_w,0,39.996,0.0,0.0
3340,gotri_n,0,50.004,0.0,0.0
3340,gotri_s,0,50.004,0.0,0.0
3340,jetalpur_e,0,50.004,0.0,0.002
3340,jetalpur_w,0,50.004,0.0,0.0
3340,manjalpur_n,23,1.666,5157.0,0.322
3340,manjalpur_s,0,39.996,0.0,0.0
3340,natubhai_loop,4,0.0,332.0,0.658
3340,newsama_e,0,50.004,0.0,0.0
3340,newsama_w,0,50.004,0.0,0.0
3340,oldpadra_n,0,50.004,0.0,0.0
3340,oldpadra_s,0,50.004,0.0,0.0
3340,racecourse_n,0,50.004,0.0,0.0
3340,racecourse_s,9,5.0,609.0,0.08
3340,raopura_e,17,0.0,3713.0,0.454
3340,raopura_w,0,39.996,0.0,0.0
3340,rcdutt_e,0,50.004,0.0,0.0
3340,rcdutt_w,0,50.004,0.0,0.0
3350,dandia_e,0,39.996,0.0,0.0
3350,dandia_w,0,39.996,0.0,0.0
3350,gotri_n,0,50.004,0.0,0.0
3350,gotri_s,0,50.004,0.0,0.0
3350,jetalpur_e,0,50.004,0.0,0.0
3350,jetalpur_w,0,50.004,0.0,0.0
3350,manjalpur_n,23,1.666,5387.0,0.322
3350,manjalpur_s,0,39.996,0.0,0.0
3350,natubhai_loop,4,0.0,372.0,0.658
3350,newsama_e,2,39.684,0.0,0.027
3350,newsama_w,0,50.004,0.0,0.0
3350,oldpadra_n,0,50.004,0.0,0.0
3350,oldpadra_s,0,50.004,0.0,0.0
3350,racecourse_n,0,50.004,0.0,0.0
3350,racecourse_s,9,5.0,699.0,0.08
3350,raopura_e,17,0.0,3883.0,0.454
3350,raopura_w,0,39.996,0.0,0.0
3350,rcdutt_e,0,50.004,0.0,0.0
3350,rcdutt_w,0,50.004,0.0,0.0
3360,dandia_e,0,39.996,0.0,0.0
3360,dandia_w,0,39.996,0.0,0.0
3360,gotri_n,0,50.004,0.0,0.0
3360,gotri_s,0,50.004,0.0,0.0
3360,jetalpur_e,0,50.004,0.0,0.0
3360,jetalpur_w,0,50.004,0.0,0.0
3360,manjalpur_n,23,1.666,5617.0,0.322
3360,manjalpur_s,0,39.996,0.0,0.0
3360,natubhai_loop,4,0.0,412.0,0.658
3360,newsama_e,1,44.224,0.0,0.013
3360,newsama_w,0,50.004,0.0,0.0
3360,oldpadra_n,0,50.004,0.0,0.0
3360,oldpadra_s,0,50.004,0.0,0.0
3360,racecourse_n,0,50.004,0.0,0.0
3360,racecourse_s,9,5.0,789.0,0.08
3360,raopura_e,17,0.0,4053.0,0.454
3360,raopura_w,0,39.996,0.0,0.0
3360,rcdutt_e,0,50.004,0.0,0.0
3360,rcdutt_w,0,50.004,0.0,0.0
3370,dandia_e,0,39.996,0.0,0.0
3370,dandia_w,0,39.996,0.0,0.0
3370,gotri_n,0,50.004,0.0,0.0
3370,gotri_s,0,50.004,0.0,0.0
3370,jetalpur_e,0,50.004,0.0,0.0
3370,jetalpur_w,0,50.004,0.0,0.0
3370,manjalpur_n,23,1.666,5847.0,0.322
3370,manjalpur_s,0,39.996,0.0,0.0
3370,natubhai_loop,4,0.0,452.0,0.658
3370,newsama_e,0,50.004,0.0,0.0
3370,newsama_w,0,50.004,0.0,0.0
3370,oldpadra_n,0,50.004,0.0,0.0
3370,oldpadra_s,0,50.004,0.0,0.0
3370,racecourse_n,0,50.004,0.0,0.0
3370,racecourse_s,9,5.0,879.0,0.08
3370,raopura_e,17,0.0,4223.0,0.454
3370,raopura_w,0,39.996,0.0,0.0
3370,rcdutt_e,0,50.004,0.0,0.0
3370,rcdutt_w,0,50.004,0.0,0.0
3380,dandia_e,0,39.996,0.0,0.0
3380,dandia_w,0,39.996,0.0,0.0
3380,gotri_n,0,50.004,0.0,0.0
3380,gotri_s,0,50.004,0.0,0.0
3380,jetalpur_e,0,50.004,0.0,0.0
3380,jetalpur_w,0,50.004,0.0,0.0
3380,manjalpur_n,23,1.666,6077.0,0.322
3380,manjalpur_s,0,39.996,0.0,0.0
3380,natubhai_loop,4,0.0,492.0,0.658
3380,newsama_e,0,50.004,0.0,0.0
3380,newsama_w,0,50.004,0.0,0.0
3380,oldpadra_n,0,50.004,0.0,0.0
3380,oldpadra_s,0,50.004,0.0,0.0
3380,racecourse_n,0,50.004,0.0,0.0
3380,racecourse_s,9,5.0,969.0,0.08
3380,raopura_e,17,0.0,4393.0,0.454
3380,raopura_w,0,39.996,0.0,0.0
3380,rcdutt_e,0,50.004,0.0,0.0
3380,rcdutt_w,0,50.004,0.0,0.0
3390,dandia_e,0,39.996,0.0,0.0
3390,dandia_w,0,39.996,0.0,0.0
3390,gotri_n,0,50.004,0.0,0.0
3390,gotri_s,0,50.004,0.0,0.0
3390,jetalpur_e,0,50.004,0.0,0.0
3390,jetalpur_w,0,50.004,0.0,0.0
3390,manjalpur_n,23,1.666,6307.0,0.322
3390,manjalpur_s,0,39.996,0.0,0.0
3390,natubhai_loop,4,0.0,532.0,0.658
3390,newsama_e,0,50.004,0.0,0.0
3390,newsama_w,0,50.004,0.0,0.0
3390,oldpadra_n,0,50.004,0.0,0.0
3390,oldpadra_s,0,50.004,0.0,0.0
3390,racecourse_n,0,50.004,0.0,0.0
3390,racecourse_s,9,5.0,1059.0,0.08
3390,raopura_e,17,0.0,4563.0,0.454
3390,raopura_w,0,39.996,0.0,0.0
3390,rcdutt_e,0,50.004,0.0,0.0
3390,rcdutt_w,0,50.004,0.0,0.0
3400,dandia_e,0,39.996,0.0,0.0
3400,dandia_w,0,39.996,0.0,0.0
3400,gotri_n,0,50.004,0.0,0.0
3400,gotri_s,0,50.004,0.0,0.0
3400,jetalpur_e,0,50.004,0.0,0.0
3400,jetalpur_w,0,50.004,0.0,0.0
3400,manjalpur_n,22,1.739,6236.0,0.308
3400,manjalpur_s,0,39.996,0.0,0.0
3400,natubhai_loop,4,0.0,572.0,0.658
3400,newsama_e,0,50.004,0.0,0.0
3400,newsama_w,0,50.004,0.0,0.0
3400,oldpadra_n,0,50.004,0.0,0.0
3400,oldpadra_s,0,50.004,0.0,0.0
3400,racecourse_n,0,50.004,0.0,0.0
3400,racecourse_s,9,5.0,1149.0,0.08
3400,raopura_e,17,0.0,4733.0,0.454
3400,raopura_w,0,39.996,0.0,0.0
3400,rcdutt_e,0,50.004,0.0,0.0
3400,rcdutt_w,0,50.004,0.0,0.0
3410,dandia_e,1,37.509,0.0,0.026
3410,dandia_w,0,39.996,0.0,0.0
3410,gotri_n,0,50.004,0.0,0.0
3410,gotri_s,0,50.004,0.0,0.0
3410,jetalpur_e,0,50.004,0.0,0.0
3410,jetalpur_w,0,50.004,0.0,0.0
3410,manjalpur_n,22,2.758,3445.0,0.308
3410,manjalpur_s,0,39.996,0.0,0.0
3410,natubhai_loop,4,0.0,612.0,0.658
3410,newsama_e,0,50.004,0.0,0.0
3410,newsama_w,0,50.004,0.0,0.0
3410,oldpadra_n,0,50.004,0.0,0.0
3410,oldpadra_s,0,50.004,0.0,0.0
3410,racecourse_n,1,44.397,0.0,0.009
3410,racecourse_s,9,5.0,1239.0,0.08
3410,raopura_e,16,1.094,3240.0,0.427
3410,raopura_w,0,39.996,0.0,0.0
3410,rcdutt_e,0,50.004,0.0,0.0
3410,rcdutt_w,0,50.004,0.0,0.0
3420,dandia_e,1,20.003,3.0,0.026
3420,dandia_w,0,39.996,0.0,0.0
3420,gotri_n,0,50.004,0.0,0.0
3420,gotri_s,0,50.004,0.0,0.0
3420,jetalpur_e,0,50.004,0.0,0.0
3420,jetalpur_w,0,50.004,0.0,0.0
3420,manjalpur_n,22,2.609,1245.0,0.308
3420,manjalpur_s,0,39.996,0.0,0.0
3420,natubhai_loop,4,0.0,652.0,0.658
3420,newsama_e,0,50.004,0.0,0.0
3420,newsama_w,0,50.004,0.0,0.0
3420,oldpadra_n,0,50.004,0.0,0.0
3420,oldpadra_s,0,50.004,0.0,0.0
3420,racecourse_n,1,45.081,0.0,0.009
3420,racecourse_s,9,5.0,1329.0,0.08
3420,raopura_e,16,0.015,3393.0,0.427
3420,raopura_w,0,39.996,0.0,0.0
3420,rcdutt_e,0,50.004,0.0,0.0
3420,rcdutt_w,0,50.004,0.0,0.0
3430,dandia_e,0,39.996,0.0,0.0
3430,dandia_w,0,39.996,0.0,0.0
3430,gotri_n,0,50.004,0.0,0.0
3430,gotri_s,0,50.004,0.0,0.0
3430,jetalpur_e,0,50.004,0.0,0.0
3430,jetalpur_w,0,50.004,0.0,0.0
3430,manjalpur_n,22,2.274,225.0,0.308
3430,manjalpur_s,0,39.996,0.0,0.0
3430,natubhai_loop,4,0.0,692.0,0.658
3430,newsama_e,0,50.004,0.0,0.0
3430,newsama_w,0,50.004,0.0,0.0
3430,oldpadra_n,0,50.004,0.0,0.0
3430,oldpadra_s,0,50.004,0.0,0.0
3430,racecourse_n,1,45.18,0.0,0.009
3430,racecourse_s,9,5.0,1419.0,0.08
3430,raopura_e,16,0.0,3553.0,0.427
3430,raopura_w,0,39.996,0.0,0.0
3430,rcdutt_e,0,50.004,0.0,0.0
3430,rcdutt_w,0,50.004,0.0,0.0
3440,dandia_e,0,39.996,0.0,0.0
3440,dandia_w,0,39.996,0.0,0.0
3440,gotri_n,0,50.004,0.0,0.0
3440,gotri_s,0,50.004,0.0,0.0
3440,jetalpur_e,1,48.543,0.0,0.013
3440,jetalpur_w,0,50.004,0.0,0.0
3440,manjalpur_n,22,1.746,429.0,0.308
3440,manjalpur_s,0,39.996,0.0,0.0
3440,natubhai_loop,4,0.0,732.0,0.658
3440,newsama_e,0,50.004,0.0,0.0
3440,newsama_w,0,50.004,0.0,0.0
3440,oldpadra_n,0,50.004,0.0,0.0
3440,oldpadra_s,0,50.004,0.0,0.0
3440,racecourse_n,0,50.004,0.0,0.0
3440,racecourse_s,9,5.0,1509.0,0.08
3440,raopura_e,16,0.0,3713.0,0.427
3440,raopura_w,0,39.996,0.0,0.0
3440,rcdutt_e,0,50.004,0.0,0.0
3440,rcdutt_w,0,50.004,0.0,0.0
3450,dandia_e,0,39.996,0.0,0.0
3450,dandia_w,0,39.996,0.0,0.0
3450,gotri_n,0,50.004,0.0,0.0
3450,gotri_s,0,50.004,0.0,0.0
3450,jetalpur_e,0,50.004,0.0,0.0
3450,jetalpur_w,0,50.004,0.0,0.0
3450,manjalpur_n,22,1.739,649.0,0.308
3450,manjalpur_s,0,39.996,0.0,0.0
3450,natubhai_loop,4,0.0,772.0,0.658
3450,newsama_e,0,50.004,0.0,0.0
3450,newsama_w,0,50.004,0.0,0.0
3450,oldpadra_n,0,50.004,0.0,0.0
3450,oldpadra_s,0,50.004,0.0,0.0
3450,racecourse_n,0,50.004,0.0,0.0
3450,racecourse_s,9,5.0,1599.0,0.08
3450,raopura_e,16,0.0,3873.0,0.427
3450,raopura_w,0,39.996,0.0,0.0
3450,rcdutt_e,0,50.004,0.0,0.0
3450,rcdutt_w,0,50.004,0.0,0.0
3460,dandia_e,0,39.996,0.0,0.0
3460,dandia_w,0,39.996,0.0,0.0
3460,gotri_n,1,48.619,0.0,0.005
3460,gotri_s,0,50.004,0.0,0.0
3460,jetalpur_e,0,50.004,0.0,0.0
3460,jetalpur_w,0,50.004,0.0,0.0
3460,manjalpur_n,22,1.739,869.0,0.308
3460,manjalpur_s,0,39.996,0.0,0.0
3460,natubhai_loop,4,0.0,812.0,0.658
3460,newsama_e,0,50.004,0.0,0.0
3460,newsama_w,0,50.004,0.0,0.0
3460,oldpadra_n,0,50.004,0.0,0.0
3460,oldpadra_s,0,50.004,0.0,0.0
3460,racecourse_n,0,50.004,0.0,0.0
3460,racecourse_s,9,5.0,1689.0,0.08
3460,raopura_e,16,0.0,4033.0,0.427
3460,raopura_w,0,39.996,0.0,0.0
3460,rcdutt_e,0,50.004,0.0,0.0
3460,rcdutt_w,0,50.004,0.0,0.0
3470,dandia_e,0,39.996,0.0,0.0
3470,dandia_w,0,39.996,0.0,0.0
3470,gotri_n,1,47.752,0.0,0.005
3470,gotri_s,0,50.004,0.0,0.0
3470,jetalpur_e,0,50.004,0.0,0.0
3470,jetalpur_w,0,50.004,0.0,0.0
3470,manjalpur_n,22,1.739,1089.0,0.308
3470,manjalpur_s,0,39.996,0.0,0.0
3470,natubhai_loop,4,0.0,852.0,0.658
3470,newsama_e,0,50.004,0.0,0.0
3470,newsama_w,0,50.004,0.0,0.0
3470,oldpadra_n,0,50.004,0.0,0.0
3470,oldpadra_s,0,50.004,0.0,0.0
3470,racecourse_n,0,50.004,0.0,0.0
3470,racecourse_s,9,5.0,1779.0,0.08
3470,raopura_e,16,0.0,4193.0,0.427
3470,raopura_w,0,39.996,0.0,0.0
3470,rcdutt_e,0,50.004,0.0,0.0
3470,rcdutt_w,0,50.004,0.0,0.0
3480,dandia_e,0,39.996,0.0,0.0
3480,dandia_w,0,39.996,0.0,0.0
3480,gotri_n,1,47.269,0.0,0.005
3480,gotri_s,0,50.004,0.0,0.0
3480,jetalpur_e,0,50.004,0.0,0.0
3480,jetalpur_w,0,50.004,0.0,0.0
3480,manjalpur_n,22,1.739,1309.0,0.308
3480,manjalpur_s,0,39.996,0.0,0.0
3480,natubhai_loop,4,0.0,892.0,0.658
3480,newsama_e,0,50.004,0.0,0.0
3480,newsama_w,0,50.004,0.0,0.0
3480,oldpadra_n,0,50.004,0.0,0.0
3480,oldpadra_s,0,50.004,0.0,0.0
3480,racecourse_n,0,50.004,0.0,0.0
3480,racecourse_s,9,5.0,1869.0,0.08
3480,raopura_e,16,0.0,4353.0,0.427
3480,raopura_w,0,39.996,0.0,0.0
3480,rcdutt_e,0,50.004,0.0,0.0
3480,rcdutt_w,0,50.004,0.0,0.0
3490,dandia_e,0,39.996,0.0,0.0
3490,dandia_w,0,39.996,0.0,0.0
3490,gotri_n,1,48.36,0.0,0.005
3490,gotri_s,0,50.004,0.0,0.0
3490,jetalpur_e,0,50.004,0.0,0.0
3490,jetalpur_w,0,50.004,0.0,0.0
3490,manjalpur_n,22,1.739,1529.0,0.308
3490,manjalpur_s,0,39.996,0.0,0.0
3490,natubhai_loop,4,0.0,932.0,0.658
3490,newsama_e,0,50.004,0.0,0.0
3490,newsama_w,0,50.004,0.0,0.0
3490,oldpadra_n,0,50.004,0.0,0.0
3490,oldpadra_s,0,50.004,0.0,0.0
3490,racecourse_n,0,50.004,0.0,0.0
3490,racecourse_s,9,5.0,1959.0,0.08
3490,raopura_e,16,0.0,4513.0,0.427
3490,raopura_w,0,39.996,0.0,0.0
3490,rcdutt_e,0,50.004,0.0,0.0
3490,rcdutt_w,0,50.004,0.0,0.0
3500,dandia_e,0,39.996,0.0,0.0
3500,dandia_w,0,39.996,0.0,0.0
3500,gotri_n,0,50.004,0.0,0.0
3500,gotri_s,0,50.004,0.0,0.0
3500,jetalpur_e,0,50.004,0.0,0.0
3500,jetalpur_w,0,50.004,0.0,0.0
3500,manjalpur_n,22,1.739,1749.0,0.308
3500,manjalpur_s,0,39.996,0.0,0.0
3500,natubhai_loop,4,0.0,972.0,0.658
3500,newsama_e,0,50.004,0.0,0.0
3500,newsama_w,0,50.004,0.0,0.0
3500,oldpadra_n,0,50.004,0.0,0.0
3500,oldpadra_s,0,50.004,0.0,0.0
3500,racecourse_n,0,50.004,0.0,0.0
3500,racecourse_s,9,5.0,2049.0,0.08
3500,raopura_e,16,0.0,4673.0,0.427
3500,raopura_w,0,39.996,0.0,0.0
3500,rcdutt_e,0,50.004,0.0,0.0
3500,rcdutt_w,0,50.004,0.0,0.0
3510,dandia_e,0,39.996,0.0,0.0
3510,dandia_w,0,39.996,0.0,0.0
3510,gotri_n,0,50.004,0.0,0.0
3510,gotri_s,0,50.004,0.0,0.0
3510,jetalpur_e,0,50.004,0.0,0.0
3510,jetalpur_w,0,50.004,0.0,0.0
3510,manjalpur_n,22,1.739,1969.0,0.308
3510,manjalpur_s,0,39.996,0.0,0.0
3510,natubhai_loop,4,0.0,1012.0,0.658
3510,newsama_e,0,50.004,0.0,0.0
3510,newsama_w,0,50.004,0.0,0.0
3510,oldpadra_n,0,50.004,0.0,0.0
3510,oldpadra_s,0,50.004,0.0,0.0
3510,racecourse_n,0,50.004,0.0,0.0
3510,racecourse_s,9,5.0,2139.0,0.08
3510,raopura_e,16,0.0,4833.0,0.427
3510,raopura_w,0,39.996,0.0,0.0
3510,rcdutt_e,0,50.004,0.0,0.0
3510,rcdutt_w,0,50.004,0.0,0.0
3520,dandia_e,0,39.996,0.0,0.0
3520,dandia_w,0,39.996,0.0,0.0
3520,gotri_n,0,50.004,0.0,0.0
3520,gotri_s,0,50.004,0.0,0.0
3520,jetalpur_e,0,50.004,0.0,0.0
3520,jetalpur_w,0,50.004,0.0,0.0
3520,manjalpur_n,22,1.739,2189.0,0.308
3520,manjalpur_s,0,39.996,0.0,0.0
3520,natubhai_loop,4,0.0,1052.0,0.658
3520,newsama_e,0,50.004,0.0,0.0
3520,newsama_w,0,50.004,0.0,0.0
3520,oldpadra_n,0,50.004,0.0,0.0
3520,oldpadra_s,0,50.004,0.0,0.0
3520,racecourse_n,0,50.004,0.0,0.0
3520,racecourse_s,9,5.0,2229.0,0.08
3520,raopura_e,16,0.0,4993.0,0.427
3520,raopura_w,0,39.996,0.0,0.0
3520,rcdutt_e,0,50.004,0.0,0.0
3520,rcdutt_w,0,50.004,0.0,0.0
3530,dandia_e,0,39.996,0.0,0.0
3530,dandia_w,0,39.996,0.0,0.0
3530,gotri_n,0,50.004,0.0,0.0
3530,gotri_s,0,50.004,0.0,0.0
3530,jetalpur_e,0,50.004,0.0,0.0
3530,jetalpur_w,0,50.004,0.0,0.0
3530,manjalpur_n,22,1.739,2409.0,0.308
3530,manjalpur_s,0,39.996,0.0,0.0
3530,natubhai_loop,4,0.0,1092.0,0.658
3530,newsama_e,0,50.004,0.0,0.0
3530,newsama_w,0,50.004,0.0,0.0
3530,oldpadra_n,0,50.004,0.0,0.0
3530,oldpadra_s,0,50.004,0.0,0.0
3530,racecourse_n,0,50.004,0.0,0.0
3530,racecourse_s,9,5.0,2319.0,0.08
3530,raopura_e,16,0.0,5153.0,0.427
3530,raopura_w,0,39.996,0.0,0.0
3530,rcdutt_e,0,50.004,0.0,0.0
3530,rcdutt_w,0,50.004,0.0,0.0
3540,dandia_e,0,39.996,0.0,0.0
3540,dandia_w,0,39.996,0.0,0.0
3540,gotri_n,0,50.004,0.0,0.0
3540,gotri_s,0,50.004,0.0,0.0
3540,jetalpur_e,0,50.004,0.0,0.0
3540,jetalpur_w,0,50.004,0.0,0.0
3540,manjalpur_n,22,1.739,2629.0,0.308
3540,manjalpur_s,0,39.996,0.0,0.0
3540,natubhai_loop,4,0.0,1132.0,0.658
3540,newsama_e,0,50.004,0.0,0.0
3540,newsama_w,0,50.004,0.0,0.0
3540,oldpadra_n,0,50.004,0.0,0.0
3540,oldpadra_s,0,50.004,0.0,0.0
3540,racecourse_n,0,50.004,0.0,0.0
3540,racecourse_s,9,5.0,2409.0,0.08
3540,raopura_e,16,0.0,5313.0,0.427
3540,raopura_w,0,39.996,0.0,0.0
3540,rcdutt_e,0,50.004,0.0,0.0
3540,rcdutt_w,0,50.004,0.0,0.0
3550,dandia_e,0,39.996,0.0,0.0
3550,dandia_w,0,39.996,0.0,0.0
3550,gotri_n,0,50.004,0.0,0.0
3550,gotri_s,0,50.004,0.0,0.0
3550,jetalpur_e,0,50.004,0.0,0.0
3550,jetalpur_w,0,50.004,0.0,0.0
3550,manjalpur_n,22,1.739,2849.0,0.308
3550,manjalpur_s,0,39.996,0.0,0.0
3550,natubhai_loop,4,0.0,1172.0,0.658
3550,newsama_e,0,50.004,0.0,0.0
3550,newsama_w,0,50.004,0.0,0.0
3550,oldpadra_n,0,50.004,0.0,0.0
3550,oldpadra_s,0,50.004,0.0,0.0
3550,racecourse_n,0,50.004,0.0,0.0
3550,racecourse_s,9,5.0,2499.0,0.08
3550,raopura_e,16,0.0,5473.0,0.427
3550,raopura_w,0,39.996,0.0,0.0
3550,rcdutt_e,0,50.004,0.0,0.0
3550,rcdutt_w,0,50.004,0.0,0.0
3560,dandia_e,0,39.996,0.0,0.0
3560,dandia_w,0,39.996,0.0,0.0
3560,gotri_n,0,50.004,0.0,0.0
3560,gotri_s,0,50.004,0.0,0.0
3560,jetalpur_e,0,50.004,0.0,0.0
3560,jetalpur_w,0,50.004,0.0,0.0
3560,manjalpur_n,22,1.739,3069.0,0.308
3560,manjalpur_s,0,39.996,0.0,0.0
3560,natubhai_loop,3,5.754,0.0,0.493
3560,newsama_e,0,50.004,0.0,0.0
3560,newsama_w,0,50.004,0.0,0.0
3560,oldpadra_n,0,50.004,0.0,0.0
3560,oldpadra_s,0,50.004,0.0,0.0
3560,racecourse_n,0,50.004,0.0,0.0
3560,racecourse_s,8,5.556,2294.0,0.078
3560,raopura_e,17,2.077,5633.0,0.454
3560,raopura_w,0,39.996,0.0,0.0
3560,rcdutt_e,0,50.004,0.0,0.0
3560,rcdutt_w,0,50.004,0.0,0.0
3570,dandia_e,0,39.996,0.0,0.0
3570,dandia_w,0,39.996,0.0,0.0
3570,gotri_n,0,50.004,0.0,0.0
3570,gotri_s,0,50.004,0.0,0.0
3570,jetalpur_e,0,50.004,0.0,0.0
3570,jetalpur_w,0,50.004,0.0,0.0
3570,manjalpur_n,22,1.739,3289.0,0.308
3570,manjalpur_s,0,39.996,0.0,0.0
3570,natubhai_loop,4,0.002,30.0,0.658
3570,newsama_e,0,50.004,0.0,0.0
3570,newsama_w,0,50.004,0.0,0.0
3570,oldpadra_n,0,50.004,0.0,0.0
3570,oldpadra_s,0,50.004,0.0,0.0
3570,racecourse_n,0,50.004,0.0,0.0
3570,racecourse_s,8,7.199,13.0,0.071
3570,raopura_e,17,0.0,5798.0,0.454
3570,raopura_w,0,39.996,0.0,0.0
3570,rcdutt_e,0,50.004,0.0,0.0
3570,rcdutt_w,0,50.004,0.0,0.0
3580,dandia_e,0,39.996,0.0,0.0
3580,dandia_w,0,39.996,0.0,0.0
3580,gotri_n,0,50.004,0.0,0.0
3580,gotri_s,0,50.004,0.0,0.0
3580,jetalpur_e,0,50.004,0.0,0.0
3580,jetalpur_w,0,50.004,0.0,0.0
3580,manjalpur_n,22,1.739,3509.0,0.308
3580,manjalpur_s,0,39.996,0.0,0.0
3580,natubhai_loop,4,0.0,70.0,0.658
3580,newsama_e,0,50.004,0.0,0.0
3580,newsama_w,0,50.004,0.0,0.0
3580,oldpadra_n,0,50.004,0.0,0.0
3580,oldpadra_s,0,50.004,0.0,0.0
3580,racecourse_n,0,50.004,0.0,0.0
3580,racecourse_s,8,5.558,79.0,0.071
3580,raopura_e,17,0.0,5968.0,0.454
3580,raopura_w,0,39.996,0.0,0.0
3580,rcdutt_e,0,50.004,0.0,0.0
3580,rcdutt_w,0,50.004,0.0,0.0
3590,dandia_e,0,39.996,0.0,0.0
3590,dandia_w,0,39.996,0.0,0.0
3590,gotri_n,0,50.004,0.0,0.0
3590,gotri_s,0,50.004,0.0,0.0
3590,jetalpur_e,0,50.004,0.0,0.0
3590,jetalpur_w,0,50.004,0.0,0.0
3590,manjalpur_n,22,1.739,3729.0,0.308
3590,manjalpur_s,0,39.996,0.0,0.0
3590,natubhai_loop,4,0.0,110.0,0.658
3590,newsama_e,0,50.004,0.0,0.0
3590,newsama_w,0,50.004,0.0,0.0
3590,oldpadra_n,0,50.004,0.0,0.0
3590,oldpadra_s,0,50.004,0.0,0.0
3590,racecourse_n,0,50.004,0.0,0.0
3590,racecourse_s,8,5.556,159.0,0.071
3590,raopura_e,17,0.0,6138.0,0.454
3590,raopura_w,0,39.996,0.0,0.0
3590,rcdutt_e,0,50.004,0.0,0.0
3590,rcdutt_w,0,50.004,0.0,0.0
